28800000,16_frequency1.0,48.768413,11.423026,NONE,8080
28802000,16_frequency1.0,48.768419,11.423034,NONE,8080
28804000,16_frequency1.0,48.768419,11.423034,NONE,8080
28806000,16_frequency1.0,48.768419,11.423034,NONE,8080
28808000,16_frequency1.0,48.768419,11.423034,NONE,8080
28810000,16_frequency1.0,48.768428,11.423046,NONE,8080
28812000,16_frequency1.0,48.76846,11.423091,NONE,8080
28814000,16_frequency1.0,48.768511,11.423179,NONE,8080
28816000,16_frequency1.0,48.768515,11.423329,NONE,8080
28818000,16_frequency1.0,48.768519,11.42348,NONE,8080
28820000,16_frequency1.0,48.768525,11.42363,NONE,8080
28822000,16_frequency1.0,48.768569,11.423757,NONE,8080
28824000,16_frequency1.0,48.768659,11.423832,NONE,8080
28826000,16_frequency1.0,48.768669,11.424042,NONE,8080
28828000,16_frequency1.0,48.768677,11.424267,NONE,8080
28830000,16_frequency1.0,48.768685,11.424492,NONE,8080
28832000,16_frequency1.0,48.768693,11.424718,NONE,8080
28834000,16_frequency1.0,48.768702,11.424944,NONE,8080
28836000,16_frequency1.0,48.768707,11.425169,NONE,8080
28838000,16_frequency1.0,48.768711,11.425395,NONE,8080
28840000,16_frequency1.0,48.768715,11.425621,NONE,8080
28842000,16_frequency1.0,48.768719,11.425846,NONE,8080
28844000,16_frequency1.0,48.768723,11.426072,NONE,8080
28846000,16_frequency1.0,48.768727,11.426298,NONE,8080
28848000,16_frequency1.0,48.76873,11.426524,NONE,8080
28850000,16_frequency1.0,48.768733,11.42675,NONE,8080
28852000,16_frequency1.0,48.768739,11.426976,NONE,8080
28854000,16_frequency1.0,48.768745,11.427201,poi_abc_5,8080
28856000,16_frequency1.0,48.768746,11.427426,poi_abc_5,8080
28858000,16_frequency1.0,48.768729,11.427651,poi_abc_5,8080
28860000,16_frequency1.0,48.768712,11.427875,poi_abc_5,8080
28862000,16_frequency1.0,48.768706,11.428101,poi_abc_5,8080
28864000,16_frequency1.0,48.768723,11.428322,poi_abc_5,8080
28866000,16_frequency1.0,48.76878,11.428522,poi_abc_5,8080
28868000,16_frequency1.0,48.768876,11.42869,poi_abc_5,8080
28870000,16_frequency1.0,48.768996,11.428824,poi_abc_5,8080
28872000,16_frequency1.0,48.769096,11.428931,poi_abc_5,8080
28874000,16_frequency1.0,48.76903,11.429077,poi_abc_5,8080
28876000,16_frequency1.0,48.768935,11.429253,poi_abc_5,8080
28878000,16_frequency1.0,48.768804,11.429447,poi_abc_5,8080
28880000,16_frequency1.0,48.768643,11.429665,poi_abc_5,8080
28882000,16_frequency1.0,48.768461,11.429912,poi_abc_8,8080
28884000,16_frequency1.0,48.768276,11.430164,poi_abc_8,8080
28886000,16_frequency1.0,48.768092,11.430416,poi_abc_8,8080
28888000,16_frequency1.0,48.767975,11.430587,poi_abc_8,8080
28890000,16_frequency1.0,48.767954,11.430617,poi_abc_8,8080
28892000,16_frequency1.0,48.767954,11.430617,poi_abc_8,8080
28894000,16_frequency1.0,48.767954,11.430617,poi_abc_8,8080
28896000,16_frequency1.0,48.767954,11.430617,poi_abc_8,8080
28898000,16_frequency1.0,48.767949,11.430624,poi_abc_8,8080
28900000,16_frequency1.0,48.767926,11.430667,poi_abc_8,8080
28902000,16_frequency1.0,48.767891,11.430755,poi_abc_8,8080
28904000,16_frequency1.0,48.767808,11.430841,poi_abc_8,8080
28906000,16_frequency1.0,48.767682,11.430909,poi_abc_8,8080
28908000,16_frequency1.0,48.767535,11.43103,poi_abc_8,8080
28910000,16_frequency1.0,48.767357,11.431153,poi_abc_8,8080
28830000,h7802c1:1,48.780081,11.417855,NONE,8080
28832000,h7802c1:1,48.780079,11.417791,NONE,8080
28834000,h7802c1:1,48.780072,11.417617,NONE,8080
28836000,h7802c1:1,48.780064,11.417402,NONE,8080
28838000,h7802c1:1,48.780056,11.417187,NONE,8080
28840000,h7802c1:1,48.780048,11.416972,NONE,8080
28842000,h7802c1:1,48.780039,11.416757,NONE,8080
28844000,h7802c1:1,48.780031,11.416542,NONE,8080
28846000,h7802c1:1,48.780022,11.416327,NONE,8080
28848000,h7802c1:1,48.780014,11.416113,NONE,8080
28850000,h7802c1:1,48.780005,11.415898,NONE,8080
28852000,h7802c1:1,48.779997,11.415683,NONE,8080
28854000,h7802c1:1,48.779973,11.415472,NONE,8080
28856000,h7802c1:1,48.780063,11.415341,NONE,8080
28858000,h7802c1:1,48.780245,11.415214,NONE,8080
28860000,h7802c1:1,48.780461,11.415064,NONE,8080
28862000,h7802c1:1,48.780677,11.414913,NONE,8080
28841000,h10602c1:1,48.775061,11.437732,poi_abc_17,8080
28843000,h10602c1:1,48.775041,11.437674,poi_abc_17,8080
28845000,h10602c1:1,48.774989,11.437522,poi_abc_17,8080
28847000,h10602c1:1,48.774915,11.437305,poi_abc_17,8080
28849000,h10602c1:1,48.774854,11.43712,poi_abc_17,8080
28851000,h10602c1:1,48.774948,11.43702,poi_abc_17,8080
28853000,h10602c1:1,48.775128,11.436939,poi_abc_17,8080
28855000,h10602c1:1,48.775356,11.436766,poi_abc_17,8080
28857000,h10602c1:1,48.775535,11.436629,poi_abc_17,8080
28859000,h10602c1:1,48.775643,11.436762,poi_abc_17,8080
28861000,h10602c1:1,48.77577,11.436914,poi_abc_17,8080
28863000,h10602c1:1,48.775897,11.437066,poi_abc_17,8080
28865000,h10602c1:1,48.776024,11.437217,poi_abc_17,8080
28867000,h10602c1:1,48.776155,11.437361,poi_abc_17,8080
28869000,h10602c1:1,48.776291,11.437497,poi_abc_17,8080
28871000,h10602c1:1,48.77643,11.437624,poi_abc_17,8080
28873000,h10602c1:1,48.77657,11.437749,poi_abc_17,8080
28875000,h10602c1:1,48.776711,11.437872,poi_abc_17,8080
28877000,h10602c1:1,48.776853,11.437991,poi_abc_17,8080
28879000,h10602c1:1,48.776898,11.438139,poi_abc_17,8080
28886000,h15124c1:3,48.767342,11.431253,poi_abc_8,8080
28888000,h15124c1:3,48.767548,11.431118,poi_abc_8,8080
28890000,h15124c1:3,48.767744,11.430954,poi_abc_8,8080
28892000,h15124c1:3,48.767902,11.430856,poi_abc_8,8080
28894000,h15124c1:3,48.767989,11.430928,poi_abc_8,8080
28896000,h15124c1:3,48.768101,11.431124,poi_abc_8,8080
28898000,h15124c1:3,48.768246,11.431381,poi_abc_8,8080
28900000,h15124c1:3,48.768393,11.431638,poi_abc_8,8080
28902000,h15124c1:3,48.768538,11.431898,poi_abc_8,8080
28904000,h15124c1:3,48.768682,11.43216,poi_abc_8,8080
28906000,h15124c1:3,48.76882,11.432429,poi_abc_6,8080
28908000,h15124c1:3,48.76895,11.432709,poi_abc_6,8080
28910000,h15124c1:3,48.769058,11.433004,poi_abc_6,8080
28912000,h15124c1:3,48.769191,11.43328,poi_abc_6,8080
28914000,h15124c1:3,48.769318,11.433562,poi_abc_6,8080
28916000,h15124c1:3,48.769477,11.433801,poi_abc_6,8080
28918000,h15124c1:3,48.76957,11.433925,poi_abc_6,8080
28920000,h15124c1:3,48.769574,11.433929,poi_abc_6,8080
28922000,h15124c1:3,48.769574,11.433929,poi_abc_6,8080
28924000,h15124c1:3,48.769574,11.433929,poi_abc_6,8080
28926000,h15124c1:3,48.769574,11.433929,poi_abc_6,8080
28928000,h15124c1:3,48.769574,11.433929,poi_abc_6,8080
28930000,h15124c1:3,48.769574,11.433929,poi_abc_6,8080
28932000,h15124c1:3,48.769574,11.433929,poi_abc_6,8080
28934000,h15124c1:3,48.769574,11.433929,poi_abc_6,8080
28936000,h15124c1:3,48.769574,11.433929,poi_abc_6,8080
28938000,h15124c1:3,48.769574,11.433929,poi_abc_6,8080
28940000,h15124c1:3,48.769574,11.433929,poi_abc_6,8080
28942000,h15124c1:3,48.769574,11.433929,poi_abc_6,8080
28944000,h15124c1:3,48.769574,11.433929,poi_abc_6,8080
28946000,h15124c1:3,48.769574,11.433929,poi_abc_6,8080
28948000,h15124c1:3,48.769574,11.433929,poi_abc_6,8080
28950000,h15124c1:3,48.769574,11.433929,poi_abc_6,8080
28952000,h15124c1:3,48.769574,11.433929,poi_abc_6,8080
28954000,h15124c1:3,48.769612,11.433966,poi_abc_14,8080
28956000,h15124c1:3,48.769713,11.434061,poi_abc_14,8080
28958000,h15124c1:3,48.769873,11.434215,poi_abc_14,8080
28960000,h15124c1:3,48.770059,11.434406,poi_abc_14,8080
28962000,h15124c1:3,48.770238,11.434612,poi_abc_14,8080
28964000,h15124c1:3,48.770393,11.434858,poi_abc_14,8080
28966000,h15124c1:3,48.770524,11.435134,poi_abc_14,8080
28968000,h15124c1:3,48.770632,11.435433,poi_abc_14,8080
28970000,h15124c1:3,48.770781,11.435664,poi_abc_14,8080
28972000,h15124c1:3,48.770834,11.435743,poi_abc_14,8080
28974000,h15124c1:3,48.770834,11.435743,poi_abc_14,8080
28976000,h15124c1:3,48.770834,11.435743,poi_abc_14,8080
28978000,h15124c1:3,48.770834,11.435743,poi_abc_14,8080
28980000,h15124c1:3,48.770834,11.435743,poi_abc_14,8080
28982000,h15124c1:3,48.770834,11.435743,poi_abc_14,8080
28984000,h15124c1:3,48.770834,11.435743,poi_abc_14,8080
28986000,h15124c1:3,48.770834,11.435743,poi_abc_14,8080
28988000,h15124c1:3,48.770834,11.435743,poi_abc_14,8080
28990000,h15124c1:3,48.770834,11.435743,poi_abc_14,8080
28992000,h15124c1:3,48.770834,11.435743,poi_abc_14,8080
28994000,h15124c1:3,48.770834,11.435743,poi_abc_14,8080
28996000,h15124c1:3,48.770834,11.435743,poi_abc_14,8080
28998000,h15124c1:3,48.770834,11.435743,poi_abc_14,8080
29000000,h15124c1:3,48.770834,11.435743,poi_abc_14,8080
29002000,h15124c1:3,48.770867,11.43579,poi_abc_14,8080
29004000,h15124c1:3,48.770956,11.435899,poi_abc_14,8080
29006000,h15124c1:3,48.77111,11.436064,poi_abc_14,8080
29008000,h15124c1:3,48.771268,11.436305,poi_abc_14,8080
29010000,h15124c1:3,48.771405,11.436574,poi_abc_14,8080
29012000,h15124c1:3,48.771497,11.436881,poi_abc_14,8080
29014000,h15124c1:3,48.771571,11.4372,poi_abc_14,8080
28887000,h8583c1:1,48.772953,11.412062,NONE,8080
28889000,h8583c1:1,48.773003,11.412272,NONE,8080
28891000,h8583c1:1,48.773054,11.412485,NONE,8080
28893000,h8583c1:1,48.773108,11.412711,NONE,8080
28895000,h8583c1:1,48.773162,11.412938,NONE,8080
28897000,h8583c1:1,48.773216,11.413164,NONE,8080
28899000,h8583c1:1,48.773267,11.41338,NONE,8080
28901000,h8583c1:1,48.773318,11.413591,NONE,8080
28903000,h8583c1:1,48.773372,11.413817,NONE,8080
28905000,h8583c1:1,48.773426,11.414044,NONE,8080
28907000,h8583c1:1,48.773476,11.414273,NONE,8080
28909000,h8583c1:1,48.773514,11.414508,NONE,8080
28911000,h8583c1:1,48.773552,11.414715,NONE,8080
28913000,h8583c1:1,48.773692,11.414738,NONE,8080
28915000,h8583c1:1,48.773846,11.414678,NONE,8080
28917000,h8583c1:1,48.774001,11.414618,NONE,8080
28919000,h8583c1:1,48.774155,11.414557,NONE,8080
28921000,h8583c1:1,48.77431,11.414502,NONE,8080
28923000,h8583c1:1,48.774467,11.414456,NONE,8080
28925000,h8583c1:1,48.774624,11.414411,NONE,8080
28927000,h8583c1:1,48.774783,11.414399,NONE,8080
28929000,h8583c1:1,48.774942,11.414393,NONE,8080
28931000,h8583c1:1,48.775082,11.414388,NONE,8080
28933000,h8583c1:1,48.775238,11.414384,NONE,8080
28935000,h8583c1:1,48.775379,11.414385,NONE,8080
28937000,h8583c1:1,48.775538,11.414394,NONE,8080
28939000,h8583c1:1,48.775697,11.414404,NONE,8080
28941000,h8583c1:1,48.775856,11.414404,NONE,8080
28943000,h8583c1:1,48.776015,11.414395,NONE,8080
28945000,h8583c1:1,48.776174,11.414385,NONE,8080
28947000,h8583c1:1,48.776333,11.414376,NONE,8080
28949000,h8583c1:1,48.776473,11.414367,NONE,8080
28951000,h8583c1:1,48.776558,11.41423,NONE,8080
28953000,h8583c1:1,48.776596,11.413995,NONE,8080
28955000,h8583c1:1,48.776678,11.413789,NONE,8080
28957000,h8583c1:1,48.776798,11.413625,NONE,8080
28959000,h8583c1:1,48.776923,11.413477,NONE,8080
28961000,h8583c1:1,48.777041,11.413337,NONE,8080
28963000,h8583c1:1,48.777161,11.413212,NONE,8080
28965000,h8583c1:1,48.777311,11.413128,NONE,8080
28967000,h8583c1:1,48.777455,11.413056,NONE,8080
28969000,h8583c1:1,48.777597,11.412988,NONE,8080
28971000,h8583c1:1,48.777751,11.412923,NONE,8080
28973000,h8583c1:1,48.777905,11.412863,NONE,8080
28975000,h8583c1:1,48.778061,11.412814,NONE,8080
28977000,h8583c1:1,48.778217,11.412765,NONE,8080
28979000,h8583c1:1,48.77837,11.412704,NONE,8080
28981000,h8583c1:1,48.778519,11.412645,NONE,8080
28891000,randUni24938:1,48.770403,11.436367,poi_abc_14,8080
28893000,randUni24938:1,48.770662,11.436195,poi_abc_14,8080
28895000,randUni24938:1,48.770855,11.435935,poi_abc_14,8080
28897000,randUni24938:1,48.770937,11.435695,poi_abc_14,8080
28899000,randUni24938:1,48.770786,11.435465,poi_abc_14,8080
28901000,randUni24938:1,48.770629,11.435133,poi_abc_14,8080
28903000,randUni24938:1,48.770481,11.434783,poi_abc_14,8080
28905000,randUni24938:1,48.7703,11.434488,poi_abc_14,8080
28907000,randUni24938:1,48.770076,11.434255,poi_abc_14,8080
28909000,randUni24938:1,48.769914,11.434091,poi_abc_14,8080
28911000,randUni24938:1,48.76988,11.434057,poi_abc_14,8080
28913000,randUni24938:1,48.76988,11.434057,poi_abc_14,8080
28915000,randUni24938:1,48.76988,11.434057,poi_abc_14,8080
28917000,randUni24938:1,48.76988,11.434057,poi_abc_14,8080
28919000,randUni24938:1,48.76988,11.434057,poi_abc_14,8080
28921000,randUni24938:1,48.76988,11.434057,poi_abc_14,8080
28923000,randUni24938:1,48.76988,11.434057,poi_abc_14,8080
28925000,randUni24938:1,48.76988,11.434057,poi_abc_14,8080
28927000,randUni24938:1,48.76988,11.434057,poi_abc_14,8080
28929000,randUni24938:1,48.76988,11.434057,poi_abc_14,8080
28931000,randUni24938:1,48.76988,11.434057,poi_abc_14,8080
28933000,randUni24938:1,48.76988,11.434057,poi_abc_14,8080
28935000,randUni24938:1,48.76988,11.434057,poi_abc_14,8080
28937000,randUni24938:1,48.76988,11.434057,poi_abc_14,8080
28939000,randUni24938:1,48.76988,11.434057,poi_abc_14,8080
28941000,randUni24938:1,48.76988,11.434057,poi_abc_14,8080
28943000,randUni24938:1,48.76988,11.434057,poi_abc_14,8080
28945000,randUni24938:1,48.76988,11.434057,poi_abc_14,8080
28947000,randUni24938:1,48.76988,11.434057,poi_abc_14,8080
28949000,randUni24938:1,48.76988,11.434057,poi_abc_14,8080
28951000,randUni24938:1,48.76988,11.434057,poi_abc_14,8080
28953000,randUni24938:1,48.769868,11.434045,poi_abc_14,8080
28955000,randUni24938:1,48.769797,11.433968,poi_abc_14,8080
28957000,randUni24938:1,48.769678,11.433807,poi_abc_14,8080
28959000,randUni24938:1,48.769512,11.433564,poi_abc_6,8080
28961000,randUni24938:1,48.769321,11.433269,poi_abc_6,8080
28963000,randUni24938:1,48.769145,11.432954,poi_abc_6,8080
28965000,randUni24938:1,48.768962,11.43266,poi_abc_6,8080
28967000,randUni24938:1,48.768806,11.432321,poi_abc_6,8080
28969000,randUni24938:1,48.768633,11.432002,poi_abc_8,8080
28971000,randUni24938:1,48.768458,11.431685,poi_abc_8,8080
28973000,randUni24938:1,48.768281,11.431376,poi_abc_8,8080
28975000,randUni24938:1,48.768105,11.431066,poi_abc_8,8080
28977000,randUni24938:1,48.768001,11.430882,poi_abc_8,8080
28979000,randUni24938:1,48.767988,11.430859,poi_abc_8,8080
28981000,randUni24938:1,48.767988,11.430859,poi_abc_8,8080
28983000,randUni24938:1,48.767988,11.430859,poi_abc_8,8080
28985000,randUni24938:1,48.767988,11.430859,poi_abc_8,8080
28987000,randUni24938:1,48.767956,11.430808,poi_abc_8,8080
28989000,randUni24938:1,48.767847,11.430805,poi_abc_8,8080
28991000,randUni24938:1,48.76767,11.430921,poi_abc_8,8080
28993000,randUni24938:1,48.76744,11.431102,poi_abc_8,8080
28896000,randUni15117:1,48.767811,11.417791,NONE,8080
28898000,randUni15117:1,48.768042,11.418025,NONE,8080
28900000,randUni15117:1,48.768272,11.41826,NONE,8080
28902000,randUni15117:1,48.768493,11.418518,NONE,8080
28904000,randUni15117:1,48.768679,11.418829,NONE,8080
28906000,randUni15117:1,48.768842,11.419169,NONE,8080
28908000,randUni15117:1,48.768974,11.419539,NONE,8080
28910000,randUni15117:1,48.769077,11.41993,NONE,8080
28912000,randUni15117:1,48.769147,11.420333,NONE,8080
28914000,randUni15117:1,48.769244,11.420727,NONE,8080
28916000,randUni15117:1,48.76932,11.421036,NONE,8080
28918000,randUni15117:1,48.769341,11.42112,NONE,8080
28920000,randUni15117:1,48.769341,11.42112,NONE,8080
28922000,randUni15117:1,48.769341,11.42112,NONE,8080
28924000,randUni15117:1,48.769341,11.42112,NONE,8080
28926000,randUni15117:1,48.769341,11.42112,NONE,8080
28928000,randUni15117:1,48.769341,11.42112,NONE,8080
28930000,randUni15117:1,48.769341,11.42112,NONE,8080
28932000,randUni15117:1,48.769341,11.42112,NONE,8080
28934000,randUni15117:1,48.769341,11.42112,NONE,8080
28936000,randUni15117:1,48.769346,11.42114,NONE,8080
28938000,randUni15117:1,48.769383,11.421248,NONE,8080
28940000,randUni15117:1,48.769458,11.421441,NONE,8080
28942000,randUni15117:1,48.769537,11.421747,NONE,8080
28944000,randUni15117:1,48.769637,11.42213,NONE,8080
28946000,randUni15117:1,48.769739,11.42252,NONE,8080
28948000,randUni15117:1,48.76984,11.422914,NONE,8080
28950000,randUni15117:1,48.769926,11.423315,NONE,8080
28952000,randUni15117:1,48.769976,11.423727,NONE,8080
28954000,randUni15117:1,48.769982,11.424147,NONE,8080
28956000,randUni15117:1,48.769963,11.424566,NONE,8080
28958000,randUni15117:1,48.769922,11.424981,NONE,8080
28960000,randUni15117:1,48.769853,11.425389,NONE,8080
28962000,randUni15117:1,48.769782,11.425795,NONE,8080
28964000,randUni15117:1,48.769711,11.426201,poi_abc_5,8080
28966000,randUni15117:1,48.769642,11.426609,poi_abc_5,8080
28968000,randUni15117:1,48.769575,11.427017,poi_abc_5,8080
28970000,randUni15117:1,48.769509,11.427425,poi_abc_5,8080
28972000,randUni15117:1,48.769442,11.427833,poi_abc_5,8080
28974000,randUni15117:1,48.769372,11.42824,poi_abc_5,8080
28976000,randUni15117:1,48.769274,11.428631,poi_abc_5,8080
28978000,randUni15117:1,48.769191,11.428865,poi_abc_5,8080
28980000,randUni15117:1,48.769188,11.428908,poi_abc_5,8080
28982000,randUni15117:1,48.769188,11.42891,poi_abc_5,8080
28984000,randUni15117:1,48.769216,11.428973,poi_abc_5,8080
28986000,randUni15117:1,48.76932,11.429064,poi_abc_5,8080
28988000,randUni15117:1,48.769484,11.429212,poi_abc_5,8080
28990000,randUni15117:1,48.769699,11.429406,poi_abc_5,8080
28992000,randUni15117:1,48.76991,11.429595,poi_abc_5,8080
28994000,randUni15117:1,48.770107,11.429773,poi_abc_5,8080
28996000,randUni15117:1,48.770298,11.429941,poi_abc_5,8080
28998000,randUni15117:1,48.770484,11.430106,poi_abc_5,8080
29000000,randUni15117:1,48.770667,11.430268,poi_abc_9,8080
29002000,randUni15117:1,48.770849,11.430429,poi_abc_9,8080
29004000,randUni15117:1,48.77103,11.430588,poi_abc_9,8080
29006000,randUni15117:1,48.771212,11.430746,poi_abc_9,8080
29008000,randUni15117:1,48.771393,11.430903,poi_abc_9,8080
29010000,randUni15117:1,48.771572,11.431053,poi_abc_9,8080
29012000,randUni15117:1,48.771732,11.431185,poi_abc_9,8080
29014000,randUni15117:1,48.771807,11.431248,poi_abc_9,8080
29016000,randUni15117:1,48.771829,11.431266,poi_abc_9,8080
29018000,randUni15117:1,48.771855,11.431287,poi_abc_9,8080
29020000,randUni15117:1,48.77193,11.431368,poi_abc_9,8080
29022000,randUni15117:1,48.772053,11.431514,poi_abc_9,8080
29024000,randUni15117:1,48.772219,11.431642,poi_abc_9,8080
29026000,randUni15117:1,48.772419,11.43164,poi_abc_9,8080
29028000,randUni15117:1,48.772625,11.431608,poi_abc_9,8080
29030000,randUni15117:1,48.772827,11.43156,poi_abc_9,8080
29032000,randUni15117:1,48.773007,11.431406,poi_abc_9,8080
29034000,randUni15117:1,48.773181,11.431235,poi_abc_9,8080
29036000,randUni15117:1,48.773355,11.431064,poi_abc_9,8080
29038000,randUni15117:1,48.77353,11.430893,poi_abc_9,8080
29040000,randUni15117:1,48.773706,11.430726,poi_abc_9,8080
29042000,randUni15117:1,48.773882,11.430559,poi_abc_9,8080
29044000,randUni15117:1,48.774059,11.430392,poi_abc_9,8080
29046000,randUni15117:1,48.774235,11.430225,poi_abc_9,8080
29048000,randUni15117:1,48.774411,11.430057,poi_abc_9,8080
29050000,randUni15117:1,48.774587,11.42989,poi_abc_1,8080
29052000,randUni15117:1,48.774761,11.429716,poi_abc_1,8080
29054000,randUni15117:1,48.774934,11.429542,poi_abc_1,8080
29056000,randUni15117:1,48.775107,11.429367,poi_abc_11,8080
29058000,randUni15117:1,48.775272,11.429177,poi_abc_11,8080
29060000,randUni15117:1,48.775369,11.428902,poi_abc_11,8080
29062000,randUni15117:1,48.775456,11.428616,poi_abc_11,8080
29064000,randUni15117:1,48.775544,11.428331,poi_abc_11,8080
28915000,h9884c2:1,48.767346,11.431251,poi_abc_8,8080
28917000,h9884c2:1,48.767547,11.431118,poi_abc_8,8080
28919000,h9884c2:1,48.76774,11.430958,poi_abc_8,8080
28921000,h9884c2:1,48.767862,11.430842,poi_abc_8,8080
28923000,h9884c2:1,48.767969,11.430764,poi_abc_8,8080
28925000,h9884c2:1,48.76811,11.430571,poi_abc_8,8080
28927000,h9884c2:1,48.768272,11.430345,poi_abc_8,8080
28929000,h9884c2:1,48.768436,11.430122,poi_abc_8,8080
28931000,h9884c2:1,48.7686,11.429899,poi_abc_8,8080
28933000,h9884c2:1,48.768764,11.429676,poi_abc_5,8080
28935000,h9884c2:1,48.768926,11.429449,poi_abc_5,8080
28937000,h9884c2:1,48.769072,11.429208,poi_abc_5,8080
28939000,h9884c2:1,48.769138,11.429083,poi_abc_5,8080
28941000,h9884c2:1,48.76914,11.429081,poi_abc_5,8080
28943000,h9884c2:1,48.76914,11.429081,poi_abc_5,8080
28945000,h9884c2:1,48.76914,11.429081,poi_abc_5,8080
28947000,h9884c2:1,48.76914,11.429081,poi_abc_5,8080
28949000,h9884c2:1,48.769148,11.429065,poi_abc_5,8080
28951000,h9884c2:1,48.769188,11.428964,poi_abc_5,8080
28953000,h9884c2:1,48.769267,11.428776,poi_abc_5,8080
28955000,h9884c2:1,48.769343,11.428481,poi_abc_5,8080
28957000,h9884c2:1,48.769417,11.428168,poi_abc_5,8080
28959000,h9884c2:1,48.76947,11.427844,poi_abc_5,8080
28961000,h9884c2:1,48.769523,11.42752,poi_abc_5,8080
28963000,h9884c2:1,48.769576,11.427197,poi_abc_5,8080
28965000,h9884c2:1,48.769629,11.426873,poi_abc_5,8080
28967000,h9884c2:1,48.769682,11.42655,poi_abc_5,8080
28969000,h9884c2:1,48.769736,11.426227,poi_abc_5,8080
28971000,h9884c2:1,48.769792,11.425905,poi_abc_5,8080
28973000,h9884c2:1,48.769848,11.425583,NONE,8080
28975000,h9884c2:1,48.769905,11.425261,NONE,8080
28977000,h9884c2:1,48.769957,11.424937,NONE,8080
28979000,h9884c2:1,48.769989,11.424608,NONE,8080
28981000,h9884c2:1,48.770009,11.424276,NONE,8080
28983000,h9884c2:1,48.770012,11.423943,NONE,8080
28985000,h9884c2:1,48.769999,11.423611,NONE,8080
28987000,h9884c2:1,48.76995,11.423288,NONE,8080
28989000,h9884c2:1,48.769884,11.422971,NONE,8080
28991000,h9884c2:1,48.769806,11.42266,NONE,8080
28993000,h9884c2:1,48.769748,11.422342,NONE,8080
28995000,h9884c2:1,48.769671,11.422028,NONE,8080
28997000,h9884c2:1,48.769591,11.421718,NONE,8080
28999000,h9884c2:1,48.769523,11.421455,NONE,8080
29001000,h9884c2:1,48.769508,11.421396,NONE,8080
29003000,h9884c2:1,48.769508,11.421396,NONE,8080
29005000,h9884c2:1,48.769508,11.421396,NONE,8080
29007000,h9884c2:1,48.769508,11.421396,NONE,8080
29009000,h9884c2:1,48.769508,11.421396,NONE,8080
29011000,h9884c2:1,48.769508,11.421396,NONE,8080
29013000,h9884c2:1,48.769508,11.421396,NONE,8080
29015000,h9884c2:1,48.769508,11.421396,NONE,8080
29017000,h9884c2:1,48.769508,11.421396,NONE,8080
29019000,h9884c2:1,48.769508,11.421396,NONE,8080
29021000,h9884c2:1,48.769508,11.421396,NONE,8080
29023000,h9884c2:1,48.769508,11.421396,NONE,8080
29025000,h9884c2:1,48.769508,11.421396,NONE,8080
29027000,h9884c2:1,48.769495,11.42133,NONE,8080
29029000,h9884c2:1,48.769563,11.421224,NONE,8080
29031000,h9884c2:1,48.769723,11.421129,NONE,8080
29033000,h9884c2:1,48.769925,11.421002,NONE,8080
29035000,h9884c2:1,48.770128,11.420872,NONE,8080
29037000,h9884c2:1,48.770331,11.420742,NONE,8080
29039000,h9884c2:1,48.770534,11.420611,NONE,8080
29041000,h9884c2:1,48.770736,11.420481,NONE,8080
29043000,h9884c2:1,48.770941,11.420355,NONE,8080
29045000,h9884c2:1,48.771146,11.420235,NONE,8080
29047000,h9884c2:1,48.771352,11.420157,NONE,8080
29049000,h9884c2:1,48.771553,11.420024,NONE,8080
29051000,h9884c2:1,48.771756,11.41995,NONE,8080
29053000,h9884c2:1,48.771834,11.419921,NONE,8080
29055000,h9884c2:1,48.771834,11.419921,NONE,8080
29057000,h9884c2:1,48.771834,11.419921,NONE,8080
29059000,h9884c2:1,48.771847,11.419915,NONE,8080
29061000,h9884c2:1,48.771919,11.419866,NONE,8080
29063000,h9884c2:1,48.771973,11.419664,NONE,8080
28926000,h7669c1:3,48.775668,11.420502,NONE,8080
28928000,h7669c1:3,48.775711,11.4205,NONE,8080
28930000,h7669c1:3,48.77583,11.420493,NONE,8080
28932000,h7669c1:3,48.776001,11.420485,NONE,8080
28934000,h7669c1:3,48.776177,11.420476,NONE,8080
28936000,h7669c1:3,48.776347,11.420467,NONE,8080
28938000,h7669c1:3,48.776454,11.42053,NONE,8080
28940000,h7669c1:3,48.77646,11.42078,NONE,8080
28942000,h7669c1:3,48.776466,11.421049,NONE,8080
28944000,h7669c1:3,48.776473,11.421316,NONE,8080
28946000,h7669c1:3,48.776479,11.421584,NONE,8080
28948000,h7669c1:3,48.776485,11.421852,NONE,8080
28950000,h7669c1:3,48.776491,11.422119,NONE,8080
28952000,h7669c1:3,48.776458,11.422373,NONE,8080
28954000,h7669c1:3,48.776326,11.422544,NONE,8080
28956000,h7669c1:3,48.776151,11.422576,NONE,8080
28958000,h7669c1:3,48.775975,11.422593,NONE,8080
28960000,h7669c1:3,48.775798,11.422609,NONE,8080
28962000,h7669c1:3,48.775621,11.422626,NONE,8080
28964000,h7669c1:3,48.775444,11.422643,NONE,8080
28966000,h7669c1:3,48.775309,11.42264,NONE,8080
28968000,h7669c1:3,48.775288,11.422423,NONE,8080
28970000,h7669c1:3,48.775283,11.422108,NONE,8080
28972000,h7669c1:3,48.775236,11.421904,NONE,8080
28974000,h7669c1:3,48.77521,11.421618,NONE,8080
28976000,h7669c1:3,48.77522,11.421223,NONE,8080
28978000,h7669c1:3,48.775209,11.420782,NONE,8080
28980000,h7669c1:3,48.7752,11.420338,NONE,8080
28982000,h7669c1:3,48.775193,11.419977,NONE,8080
28984000,h7669c1:3,48.775079,11.419871,NONE,8080
28986000,h7669c1:3,48.774936,11.419871,NONE,8080
28988000,h7669c1:3,48.774759,11.419893,NONE,8080
28990000,h7669c1:3,48.774584,11.419918,NONE,8080
28992000,h7669c1:3,48.774409,11.419943,NONE,8080
28994000,h7669c1:3,48.774234,11.419968,NONE,8080
28996000,h7669c1:3,48.774059,11.419989,NONE,8080
28998000,h7669c1:3,48.773889,11.42001,NONE,8080
29000000,h7669c1:3,48.773763,11.420074,NONE,8080
29002000,h7669c1:3,48.773755,11.420337,NONE,8080
29004000,h7669c1:3,48.773759,11.420602,NONE,8080
29006000,h7669c1:3,48.773764,11.420868,NONE,8080
29008000,h7669c1:3,48.773767,11.421132,NONE,8080
29010000,h7669c1:3,48.77377,11.421344,NONE,8080
29012000,h7669c1:3,48.773772,11.421609,NONE,8080
29014000,h7669c1:3,48.773774,11.421875,NONE,8080
29016000,h7669c1:3,48.773776,11.422141,NONE,8080
29018000,h7669c1:3,48.773779,11.422406,NONE,8080
29020000,h7669c1:3,48.77378,11.422652,NONE,8080
29022000,h7669c1:3,48.773717,11.4228,NONE,8080
29024000,h7669c1:3,48.773547,11.422822,NONE,8080
29026000,h7669c1:3,48.773374,11.422844,NONE,8080
29028000,h7669c1:3,48.773267,11.422885,NONE,8080
29030000,h7669c1:3,48.7732,11.422969,NONE,8080
29032000,h7669c1:3,48.773214,11.4232,NONE,8080
29034000,h7669c1:3,48.773235,11.423546,NONE,8080
29036000,h7669c1:3,48.773193,11.423978,poi_abc_3,8080
29038000,h7669c1:3,48.773101,11.424403,poi_abc_3,8080
29040000,h7669c1:3,48.772988,11.424816,poi_abc_3,8080
29042000,h7669c1:3,48.77287,11.425225,poi_abc_3,8080
29044000,h7669c1:3,48.772757,11.425617,poi_abc_1,8080
29046000,h7669c1:3,48.772671,11.425806,poi_abc_1,8080
29048000,h7669c1:3,48.772665,11.425825,poi_abc_1,8080
29050000,h7669c1:3,48.772665,11.425825,poi_abc_1,8080
29052000,h7669c1:3,48.772665,11.425825,poi_abc_1,8080
29054000,h7669c1:3,48.772665,11.425825,poi_abc_1,8080
29056000,h7669c1:3,48.772665,11.425825,poi_abc_1,8080
29058000,h7669c1:3,48.772665,11.425825,poi_abc_1,8080
29060000,h7669c1:3,48.772665,11.425825,poi_abc_1,8080
29062000,h7669c1:3,48.772665,11.425825,poi_abc_1,8080
29064000,h7669c1:3,48.772665,11.425825,poi_abc_1,8080
28927000,h3160c2:1,48.770855,11.413544,NONE,8080
28929000,h3160c2:1,48.770892,11.413739,NONE,8080
28931000,h3160c2:1,48.7708,11.413935,NONE,8080
28933000,h3160c2:1,48.770612,11.414079,NONE,8080
28935000,h3160c2:1,48.770377,11.414258,NONE,8080
28937000,h3160c2:1,48.770151,11.414429,NONE,8080
28939000,h3160c2:1,48.770051,11.414639,NONE,8080
28941000,h3160c2:1,48.770171,11.414793,NONE,8080
28943000,h3160c2:1,48.770382,11.414939,NONE,8080
28945000,h3160c2:1,48.770627,11.415109,NONE,8080
28947000,h3160c2:1,48.770869,11.415286,NONE,8080
28949000,h3160c2:1,48.771086,11.41553,NONE,8080
28951000,h3160c2:1,48.771227,11.415879,NONE,8080
28953000,h3160c2:1,48.771348,11.416238,NONE,8080
28955000,h3160c2:1,48.771395,11.416636,NONE,8080
28957000,h3160c2:1,48.771456,11.41703,NONE,8080
28959000,h3160c2:1,48.771526,11.417418,NONE,8080
28961000,h3160c2:1,48.771579,11.417814,NONE,8080
28963000,h3160c2:1,48.77163,11.418211,NONE,8080
28965000,h3160c2:1,48.771684,11.418607,NONE,8080
28967000,h3160c2:1,48.771736,11.418995,NONE,8080
28969000,h3160c2:1,48.771782,11.419394,NONE,8080
28971000,h3160c2:1,48.771793,11.41967,NONE,8080
28973000,h3160c2:1,48.771633,11.419825,NONE,8080
28975000,h3160c2:1,48.771411,11.420011,NONE,8080
28977000,h3160c2:1,48.771166,11.420176,NONE,8080
28979000,h3160c2:1,48.770917,11.420322,NONE,8080
28981000,h3160c2:1,48.770675,11.420474,NONE,8080
28983000,h3160c2:1,48.770428,11.420632,NONE,8080
28985000,h3160c2:1,48.770182,11.42079,NONE,8080
28987000,h3160c2:1,48.769936,11.420948,NONE,8080
28989000,h3160c2:1,48.769688,11.421103,NONE,8080
28991000,h3160c2:1,48.769491,11.421224,NONE,8080
28993000,h3160c2:1,48.769451,11.421414,NONE,8080
28995000,h3160c2:1,48.769526,11.421706,NONE,8080
28997000,h3160c2:1,48.769622,11.422075,NONE,8080
28999000,h3160c2:1,48.769722,11.42245,NONE,8080
29001000,h3160c2:1,48.769818,11.422829,NONE,8080
29003000,h3160c2:1,48.769904,11.423213,NONE,8080
29005000,h3160c2:1,48.769969,11.423606,NONE,8080
29007000,h3160c2:1,48.769985,11.42401,NONE,8080
29009000,h3160c2:1,48.769978,11.424414,NONE,8080
29011000,h3160c2:1,48.76994,11.424815,NONE,8080
29013000,h3160c2:1,48.769884,11.42521,NONE,8080
29015000,h3160c2:1,48.769815,11.425602,NONE,8080
29017000,h3160c2:1,48.769747,11.425993,poi_abc_5,8080
29019000,h3160c2:1,48.769679,11.426385,poi_abc_5,8080
29021000,h3160c2:1,48.769615,11.426778,poi_abc_5,8080
29023000,h3160c2:1,48.76955,11.42717,poi_abc_5,8080
29025000,h3160c2:1,48.769486,11.427563,poi_abc_5,8080
29027000,h3160c2:1,48.769422,11.427956,poi_abc_5,8080
29029000,h3160c2:1,48.769346,11.428344,poi_abc_5,8080
29031000,h3160c2:1,48.76926,11.428685,poi_abc_5,8080
29033000,h3160c2:1,48.769214,11.428808,poi_abc_5,8080
29035000,h3160c2:1,48.769213,11.428809,poi_abc_5,8080
29037000,h3160c2:1,48.769213,11.428809,poi_abc_5,8080
29039000,h3160c2:1,48.769213,11.428809,poi_abc_5,8080
29041000,h3160c2:1,48.769213,11.428809,poi_abc_5,8080
29043000,h3160c2:1,48.769213,11.428809,poi_abc_5,8080
29045000,h3160c2:1,48.769213,11.428809,poi_abc_5,8080
29047000,h3160c2:1,48.769213,11.428809,poi_abc_5,8080
29049000,h3160c2:1,48.769213,11.42881,poi_abc_5,8080
29051000,h3160c2:1,48.769185,11.428861,poi_abc_5,8080
29053000,h3160c2:1,48.769113,11.428993,poi_abc_5,8080
29055000,h3160c2:1,48.769002,11.429202,poi_abc_5,8080
29057000,h3160c2:1,48.768813,11.429433,poi_abc_5,8080
29059000,h3160c2:1,48.768614,11.429704,poi_abc_5,8080
29061000,h3160c2:1,48.768416,11.429974,poi_abc_8,8080
29063000,h3160c2:1,48.768217,11.430244,poi_abc_8,8080
28927000,h6559c1:1,48.776493,11.414772,NONE,8080
28929000,h6559c1:1,48.77649,11.414834,NONE,8080
28931000,h6559c1:1,48.776479,11.415002,NONE,8080
28933000,h6559c1:1,48.776464,11.415248,NONE,8080
28935000,h6559c1:1,48.776457,11.415497,NONE,8080
28937000,h6559c1:1,48.776453,11.415747,NONE,8080
28939000,h6559c1:1,48.776452,11.415997,NONE,8080
28941000,h6559c1:1,48.776457,11.416247,NONE,8080
28943000,h6559c1:1,48.776461,11.416497,NONE,8080
28945000,h6559c1:1,48.776465,11.416715,NONE,8080
28947000,h6559c1:1,48.776363,11.41683,NONE,8080
28949000,h6559c1:1,48.77616,11.416884,NONE,8080
28951000,h6559c1:1,48.775897,11.416958,NONE,8080
28953000,h6559c1:1,48.775626,11.417038,NONE,8080
28955000,h6559c1:1,48.775371,11.417098,NONE,8080
28957000,h6559c1:1,48.775257,11.41706,NONE,8080
28959000,h6559c1:1,48.775252,11.417058,NONE,8080
28961000,h6559c1:1,48.775252,11.417058,NONE,8080
28963000,h6559c1:1,48.775252,11.417058,NONE,8080
28965000,h6559c1:1,48.775252,11.417058,NONE,8080
28967000,h6559c1:1,48.775252,11.417058,NONE,8080
28969000,h6559c1:1,48.775252,11.417058,NONE,8080
28971000,h6559c1:1,48.775252,11.417058,NONE,8080
28973000,h6559c1:1,48.775252,11.417058,NONE,8080
28975000,h6559c1:1,48.775252,11.417058,NONE,8080
28977000,h6559c1:1,48.775252,11.417058,NONE,8080
28979000,h6559c1:1,48.775252,11.417058,NONE,8080
28981000,h6559c1:1,48.775238,11.417052,NONE,8080
28983000,h6559c1:1,48.775191,11.416973,NONE,8080
28985000,h6559c1:1,48.775204,11.416747,NONE,8080
28987000,h6559c1:1,48.775225,11.416424,NONE,8080
28989000,h6559c1:1,48.775251,11.416015,NONE,8080
28991000,h6559c1:1,48.775277,11.4156,NONE,8080
28993000,h6559c1:1,48.775303,11.415184,NONE,8080
28995000,h6559c1:1,48.77533,11.414767,NONE,8080
28997000,h6559c1:1,48.775358,11.414351,NONE,8080
28999000,h6559c1:1,48.775388,11.413936,NONE,8080
29001000,h6559c1:1,48.77542,11.413521,NONE,8080
29003000,h6559c1:1,48.775451,11.413106,NONE,8080
29005000,h6559c1:1,48.775483,11.41269,NONE,8080
29007000,h6559c1:1,48.775514,11.412275,NONE,8080
29009000,h6559c1:1,48.775514,11.411855,NONE,8080
28930000,randUni31945:1,48.76965,11.433766,poi_abc_6,8080
28932000,randUni31945:1,48.769622,11.433726,poi_abc_6,8080
28934000,randUni31945:1,48.769543,11.43361,poi_abc_6,8080
28936000,randUni31945:1,48.769417,11.433418,poi_abc_6,8080
28938000,randUni31945:1,48.769272,11.433192,poi_abc_6,8080
28940000,randUni31945:1,48.769142,11.432947,poi_abc_6,8080
28942000,randUni31945:1,48.768997,11.432732,poi_abc_6,8080
28944000,randUni31945:1,48.768876,11.432475,poi_abc_6,8080
28946000,randUni31945:1,48.768753,11.432221,poi_abc_6,8080
28948000,randUni31945:1,48.76862,11.431979,poi_abc_8,8080
28950000,randUni31945:1,48.768487,11.431737,poi_abc_8,8080
28952000,randUni31945:1,48.768358,11.43149,poi_abc_8,8080
28954000,randUni31945:1,48.768239,11.431235,poi_abc_8,8080
28956000,randUni31945:1,48.768104,11.430996,poi_abc_8,8080
28958000,randUni31945:1,48.768016,11.430842,poi_abc_8,8080
28960000,randUni31945:1,48.76801,11.430831,poi_abc_8,8080
28962000,randUni31945:1,48.768002,11.430815,poi_abc_8,8080
28964000,randUni31945:1,48.768013,11.430713,poi_abc_8,8080
28966000,randUni31945:1,48.768109,11.430572,poi_abc_8,8080
28968000,randUni31945:1,48.768255,11.430368,poi_abc_8,8080
28970000,randUni31945:1,48.76841,11.430158,poi_abc_8,8080
28972000,randUni31945:1,48.768565,11.429947,poi_abc_8,8080
28974000,randUni31945:1,48.76872,11.429736,poi_abc_5,8080
28976000,randUni31945:1,48.768874,11.429525,poi_abc_5,8080
28978000,randUni31945:1,48.769022,11.429303,poi_abc_5,8080
28980000,randUni31945:1,48.769141,11.429078,poi_abc_5,8080
28982000,randUni31945:1,48.769246,11.429003,poi_abc_5,8080
28984000,randUni31945:1,48.769386,11.429124,poi_abc_5,8080
28986000,randUni31945:1,48.769565,11.429285,poi_abc_5,8080
28988000,randUni31945:1,48.769744,11.429446,poi_abc_5,8080
28990000,randUni31945:1,48.769923,11.429607,poi_abc_5,8080
28992000,randUni31945:1,48.770102,11.429768,poi_abc_5,8080
28994000,randUni31945:1,48.770282,11.429928,poi_abc_5,8080
28996000,randUni31945:1,48.770462,11.430087,poi_abc_5,8080
28998000,randUni31945:1,48.770642,11.430246,poi_abc_9,8080
29000000,randUni31945:1,48.770821,11.430405,poi_abc_9,8080
29002000,randUni31945:1,48.771002,11.430563,poi_abc_9,8080
29004000,randUni31945:1,48.771182,11.43072,poi_abc_9,8080
29006000,randUni31945:1,48.771363,11.430877,poi_abc_9,8080
29008000,randUni31945:1,48.771542,11.431028,poi_abc_9,8080
29010000,randUni31945:1,48.771725,11.431179,poi_abc_9,8080
29012000,randUni31945:1,48.771871,11.431302,poi_abc_9,8080
29014000,randUni31945:1,48.771892,11.431324,poi_abc_9,8080
29016000,randUni31945:1,48.771892,11.431325,poi_abc_9,8080
29018000,randUni31945:1,48.77193,11.431368,poi_abc_9,8080
29020000,randUni31945:1,48.772027,11.431485,poi_abc_9,8080
29022000,randUni31945:1,48.772183,11.431621,poi_abc_9,8080
29024000,randUni31945:1,48.772381,11.43165,poi_abc_9,8080
29026000,randUni31945:1,48.772588,11.431614,poi_abc_9,8080
29028000,randUni31945:1,48.772793,11.431574,poi_abc_9,8080
29030000,randUni31945:1,48.772977,11.431435,poi_abc_9,8080
29032000,randUni31945:1,48.773151,11.431264,poi_abc_9,8080
29034000,randUni31945:1,48.773326,11.431092,poi_abc_9,8080
29036000,randUni31945:1,48.773501,11.430921,poi_abc_9,8080
29038000,randUni31945:1,48.773677,11.430754,poi_abc_9,8080
29040000,randUni31945:1,48.773853,11.430587,poi_abc_9,8080
29042000,randUni31945:1,48.774029,11.43042,poi_abc_9,8080
29044000,randUni31945:1,48.774206,11.430253,poi_abc_9,8080
29046000,randUni31945:1,48.774382,11.430085,poi_abc_9,8080
29048000,randUni31945:1,48.774558,11.429918,poi_abc_1,8080
29050000,randUni31945:1,48.774732,11.429745,poi_abc_1,8080
29052000,randUni31945:1,48.774905,11.42957,poi_abc_1,8080
29054000,randUni31945:1,48.775078,11.429396,poi_abc_11,8080
29056000,randUni31945:1,48.775246,11.429212,poi_abc_11,8080
29058000,randUni31945:1,48.775354,11.428949,poi_abc_11,8080
29060000,randUni31945:1,48.775442,11.428664,poi_abc_11,8080
29062000,randUni31945:1,48.77553,11.428378,poi_abc_11,8080
29064000,randUni31945:1,48.775617,11.428093,poi_abc_11,8080
28943000,h1602c2:3,48.771399,11.432292,poi_abc_9,8080
28945000,h1602c2:3,48.771434,11.432258,poi_abc_9,8080
28947000,h1602c2:3,48.771534,11.432162,poi_abc_9,8080
28949000,h1602c2:3,48.771697,11.432007,poi_abc_9,8080
28951000,h1602c2:3,48.771908,11.4318,poi_abc_9,8080
28953000,h1602c2:3,48.771998,11.431609,poi_abc_9,8080
28955000,h1602c2:3,48.772006,11.431587,poi_abc_9,8080
28957000,h1602c2:3,48.772006,11.431587,poi_abc_9,8080
28959000,h1602c2:3,48.772006,11.431587,poi_abc_9,8080
28961000,h1602c2:3,48.772006,11.431587,poi_abc_9,8080
28963000,h1602c2:3,48.772006,11.431587,poi_abc_9,8080
28965000,h1602c2:3,48.772006,11.431587,poi_abc_9,8080
28967000,h1602c2:3,48.772006,11.431587,poi_abc_9,8080
28969000,h1602c2:3,48.772006,11.431587,poi_abc_9,8080
28971000,h1602c2:3,48.772006,11.431587,poi_abc_9,8080
28973000,h1602c2:3,48.772006,11.431587,poi_abc_9,8080
28975000,h1602c2:3,48.772006,11.431587,poi_abc_9,8080
28977000,h1602c2:3,48.772006,11.431587,poi_abc_9,8080
28979000,h1602c2:3,48.772006,11.431587,poi_abc_9,8080
28981000,h1602c2:3,48.772012,11.431568,poi_abc_9,8080
28983000,h1602c2:3,48.772044,11.431459,poi_abc_9,8080
28985000,h1602c2:3,48.772088,11.431251,poi_abc_9,8080
28987000,h1602c2:3,48.772129,11.43094,poi_abc_9,8080
28989000,h1602c2:3,48.772173,11.430545,poi_abc_9,8080
28991000,h1602c2:3,48.772194,11.430137,poi_abc_9,8080
28993000,h1602c2:3,48.772215,11.42973,poi_abc_9,8080
28995000,h1602c2:3,48.772236,11.429322,poi_abc_1,8080
28997000,h1602c2:3,48.772258,11.428914,poi_abc_1,8080
28999000,h1602c2:3,48.772278,11.428506,poi_abc_1,8080
29001000,h1602c2:3,48.772298,11.428099,poi_abc_1,8080
29003000,h1602c2:3,48.772323,11.427692,poi_abc_1,8080
29005000,h1602c2:3,48.772362,11.427288,poi_abc_1,8080
29007000,h1602c2:3,48.77246,11.426907,poi_abc_1,8080
29009000,h1602c2:3,48.772563,11.426529,poi_abc_1,8080
29011000,h1602c2:3,48.772667,11.426152,poi_abc_1,8080
29013000,h1602c2:3,48.772773,11.425776,poi_abc_1,8080
29015000,h1602c2:3,48.772882,11.425401,poi_abc_3,8080
29017000,h1602c2:3,48.77299,11.425026,poi_abc_3,8080
29019000,h1602c2:3,48.773098,11.424651,poi_abc_3,8080
29021000,h1602c2:3,48.773196,11.42427,poi_abc_3,8080
29023000,h1602c2:3,48.77327,11.423876,poi_abc_3,8080
29025000,h1602c2:3,48.773295,11.423469,NONE,8080
29027000,h1602c2:3,48.773252,11.423064,NONE,8080
29029000,h1602c2:3,48.773152,11.42268,NONE,8080
29031000,h1602c2:3,48.773026,11.422318,NONE,8080
29033000,h1602c2:3,48.772887,11.421968,NONE,8080
29035000,h1602c2:3,48.772745,11.42162,NONE,8080
29037000,h1602c2:3,48.772599,11.421276,NONE,8080
29039000,h1602c2:3,48.772453,11.420931,NONE,8080
29041000,h1602c2:3,48.772343,11.420579,NONE,8080
29043000,h1602c2:3,48.772198,11.420225,NONE,8080
29045000,h1602c2:3,48.772057,11.419875,NONE,8080
29047000,h1602c2:3,48.771951,11.419506,NONE,8080
29049000,h1602c2:3,48.771876,11.419118,NONE,8080
29051000,h1602c2:3,48.771824,11.418716,NONE,8080
29053000,h1602c2:3,48.77177,11.418315,NONE,8080
29055000,h1602c2:3,48.771713,11.417915,NONE,8080
29057000,h1602c2:3,48.771658,11.417538,NONE,8080
29059000,h1602c2:3,48.771631,11.41736,NONE,8080
29061000,h1602c2:3,48.77163,11.417353,NONE,8080
29063000,h1602c2:3,48.77163,11.417353,NONE,8080
28947000,h6969c2:1,48.780184,11.413976,NONE,8080
28949000,h6969c2:1,48.780079,11.414115,NONE,8080
28951000,h6969c2:1,48.779972,11.414251,NONE,8080
28953000,h6969c2:1,48.779865,11.414386,NONE,8080
28955000,h6969c2:1,48.779757,11.41452,NONE,8080
28957000,h6969c2:1,48.779646,11.414649,NONE,8080
28959000,h6969c2:1,48.779527,11.414758,NONE,8080
28961000,h6969c2:1,48.779417,11.414865,NONE,8080
28963000,h6969c2:1,48.779434,11.415056,NONE,8080
28965000,h6969c2:1,48.779498,11.415243,NONE,8080
28967000,h6969c2:1,48.779561,11.415424,NONE,8080
28969000,h6969c2:1,48.779549,11.415562,NONE,8080
28971000,h6969c2:1,48.779421,11.415637,NONE,8080
28973000,h6969c2:1,48.779229,11.41575,NONE,8080
28975000,h6969c2:1,48.779009,11.415865,NONE,8080
28977000,h6969c2:1,48.778788,11.415974,NONE,8080
28979000,h6969c2:1,48.778566,11.416081,NONE,8080
28981000,h6969c2:1,48.778342,11.416178,NONE,8080
28983000,h6969c2:1,48.778115,11.416265,NONE,8080
28985000,h6969c2:1,48.777889,11.416352,NONE,8080
28987000,h6969c2:1,48.777663,11.416433,NONE,8080
28989000,h6969c2:1,48.777435,11.416505,NONE,8080
28991000,h6969c2:1,48.777207,11.416576,NONE,8080
28993000,h6969c2:1,48.776978,11.416648,NONE,8080
28995000,h6969c2:1,48.77675,11.416719,NONE,8080
28997000,h6969c2:1,48.776522,11.416789,NONE,8080
28999000,h6969c2:1,48.776292,11.416849,NONE,8080
29001000,h6969c2:1,48.776063,11.416909,NONE,8080
29003000,h6969c2:1,48.775834,11.416978,NONE,8080
29005000,h6969c2:1,48.775605,11.417043,NONE,8080
29007000,h6969c2:1,48.775375,11.417098,NONE,8080
29009000,h6969c2:1,48.77515,11.417045,NONE,8080
29011000,h6969c2:1,48.774919,11.417031,NONE,8080
29013000,h6969c2:1,48.774688,11.417035,NONE,8080
29015000,h6969c2:1,48.774455,11.41704,NONE,8080
29017000,h6969c2:1,48.774222,11.417058,NONE,8080
29019000,h6969c2:1,48.773992,11.417047,NONE,8080
29021000,h6969c2:1,48.773759,11.417073,NONE,8080
29023000,h6969c2:1,48.773532,11.417137,NONE,8080
29025000,h6969c2:1,48.773299,11.417157,NONE,8080
29027000,h6969c2:1,48.773066,11.417177,NONE,8080
29029000,h6969c2:1,48.772833,11.417199,NONE,8080
29031000,h6969c2:1,48.772599,11.417203,NONE,8080
29033000,h6969c2:1,48.772366,11.417186,NONE,8080
29035000,h6969c2:1,48.772133,11.417173,NONE,8080
29037000,h6969c2:1,48.771905,11.417163,NONE,8080
29039000,h6969c2:1,48.771691,11.417198,NONE,8080
29041000,h6969c2:1,48.771551,11.417309,NONE,8080
29043000,h6969c2:1,48.77155,11.417593,NONE,8080
29045000,h6969c2:1,48.771595,11.417937,NONE,8080
29047000,h6969c2:1,48.77164,11.418283,NONE,8080
29049000,h6969c2:1,48.771687,11.418629,NONE,8080
29051000,h6969c2:1,48.771704,11.418974,NONE,8080
29053000,h6969c2:1,48.771743,11.41932,NONE,8080
29055000,h6969c2:1,48.771776,11.419543,NONE,8080
29057000,h6969c2:1,48.771779,11.419562,NONE,8080
29059000,h6969c2:1,48.771781,11.419582,NONE,8080
29061000,h6969c2:1,48.77174,11.419679,NONE,8080
29063000,h6969c2:1,48.77161,11.419795,NONE,8080
28947000,randUni15523:1,48.779228,11.414415,NONE,8080
28949000,randUni15523:1,48.779206,11.414359,NONE,8080
28951000,randUni15523:1,48.779141,11.414221,NONE,8080
28953000,randUni15523:1,48.779005,11.41427,NONE,8080
28955000,randUni15523:1,48.778866,11.414354,NONE,8080
28957000,randUni15523:1,48.778716,11.414368,NONE,8080
28959000,randUni15523:1,48.778566,11.414374,NONE,8080
28961000,randUni15523:1,48.778416,11.414378,NONE,8080
28963000,randUni15523:1,48.778268,11.414382,NONE,8080
28965000,randUni15523:1,48.77812,11.414398,NONE,8080
28967000,randUni15523:1,48.777984,11.414424,NONE,8080
28969000,randUni15523:1,48.777839,11.414468,NONE,8080
28971000,randUni15523:1,48.777693,11.414516,NONE,8080
28973000,randUni15523:1,48.777549,11.414572,NONE,8080
28975000,randUni15523:1,48.777427,11.414606,NONE,8080
28977000,randUni15523:1,48.777378,11.414427,NONE,8080
28979000,randUni15523:1,48.777336,11.414211,NONE,8080
28981000,randUni15523:1,48.777295,11.413994,NONE,8080
28983000,randUni15523:1,48.777253,11.413778,NONE,8080
28985000,randUni15523:1,48.777212,11.413561,NONE,8080
28987000,randUni15523:1,48.777173,11.413356,NONE,8080
28989000,randUni15523:1,48.777084,11.413241,NONE,8080
28991000,randUni15523:1,48.776966,11.41337,NONE,8080
28993000,randUni15523:1,48.776849,11.413509,NONE,8080
28995000,randUni15523:1,48.776734,11.413648,NONE,8080
28997000,randUni15523:1,48.776628,11.413801,NONE,8080
28999000,randUni15523:1,48.776562,11.414,NONE,8080
29001000,randUni15523:1,48.77653,11.414217,NONE,8080
29003000,randUni15523:1,48.776516,11.414426,NONE,8080
29005000,randUni15523:1,48.776501,11.41465,NONE,8080
29007000,randUni15523:1,48.776487,11.414874,NONE,8080
29009000,randUni15523:1,48.776473,11.415098,NONE,8080
29011000,randUni15523:1,48.77646,11.415323,NONE,8080
29013000,randUni15523:1,48.776456,11.415548,NONE,8080
29015000,randUni15523:1,48.776453,11.415773,NONE,8080
29017000,randUni15523:1,48.776452,11.415999,NONE,8080
29019000,randUni15523:1,48.776456,11.416224,NONE,8080
29021000,randUni15523:1,48.77646,11.416449,NONE,8080
29023000,randUni15523:1,48.776464,11.416665,NONE,8080
29025000,randUni15523:1,48.776419,11.41686,NONE,8080
29027000,randUni15523:1,48.776253,11.416903,NONE,8080
29029000,randUni15523:1,48.77602,11.416964,NONE,8080
29031000,randUni15523:1,48.775775,11.417041,NONE,8080
29033000,randUni15523:1,48.775529,11.417108,NONE,8080
29035000,randUni15523:1,48.775314,11.417143,NONE,8080
29037000,randUni15523:1,48.775247,11.417141,NONE,8080
29039000,randUni15523:1,48.775247,11.417141,NONE,8080
29041000,randUni15523:1,48.775247,11.417141,NONE,8080
29043000,randUni15523:1,48.775247,11.417141,NONE,8080
29045000,randUni15523:1,48.775247,11.417141,NONE,8080
29047000,randUni15523:1,48.775247,11.417141,NONE,8080
29049000,randUni15523:1,48.775247,11.417141,NONE,8080
29051000,randUni15523:1,48.775247,11.417141,NONE,8080
29053000,randUni15523:1,48.775247,11.417141,NONE,8080
29055000,randUni15523:1,48.775247,11.417141,NONE,8080
29057000,randUni15523:1,48.775247,11.417141,NONE,8080
29059000,randUni15523:1,48.775247,11.417141,NONE,8080
29061000,randUni15523:1,48.775247,11.417141,NONE,8080
29063000,randUni15523:1,48.775247,11.417141,NONE,8080
28950000,h11040c2:1,48.779473,11.436825,poi_abc_12,8080
28952000,h11040c2:1,48.779466,11.436411,poi_abc_12,8080
28954000,h11040c2:1,48.779446,11.435998,poi_abc_12,8080
28956000,h11040c2:1,48.779403,11.435591,poi_abc_12,8080
28958000,h11040c2:1,48.779361,11.435182,poi_abc_12,8080
28960000,h11040c2:1,48.779321,11.434821,poi_abc_12,8080
28962000,h11040c2:1,48.779306,11.434683,poi_abc_12,8080
28964000,h11040c2:1,48.779306,11.434682,poi_abc_12,8080
28966000,h11040c2:1,48.779306,11.434682,poi_abc_12,8080
28968000,h11040c2:1,48.779306,11.434682,poi_abc_12,8080
28970000,h11040c2:1,48.779306,11.434682,poi_abc_12,8080
28972000,h11040c2:1,48.779306,11.434682,poi_abc_12,8080
28974000,h11040c2:1,48.779306,11.434682,poi_abc_12,8080
28976000,h11040c2:1,48.779306,11.434682,poi_abc_12,8080
28978000,h11040c2:1,48.779306,11.434682,poi_abc_12,8080
28980000,h11040c2:1,48.779306,11.434682,poi_abc_12,8080
28982000,h11040c2:1,48.779291,11.434616,poi_abc_12,8080
28984000,h11040c2:1,48.779201,11.434514,poi_abc_12,8080
28986000,h11040c2:1,48.779019,11.434488,poi_abc_12,8080
28988000,h11040c2:1,48.778772,11.43448,poi_abc_12,8080
28990000,h11040c2:1,48.778498,11.434474,poi_abc_12,8080
28992000,h11040c2:1,48.778224,11.434479,poi_abc_12,8080
28994000,h11040c2:1,48.777951,11.434527,poi_abc_12,8080
28996000,h11040c2:1,48.777688,11.434641,poi_abc_12,8080
28998000,h11040c2:1,48.777435,11.434796,poi_abc_12,8080
29000000,h11040c2:1,48.777192,11.43499,poi_abc_12,8080
29002000,h11040c2:1,48.776958,11.435207,poi_abc_12,8080
29004000,h11040c2:1,48.776727,11.435432,poi_abc_17,8080
29006000,h11040c2:1,48.776497,11.435658,poi_abc_17,8080
29008000,h11040c2:1,48.776266,11.435883,poi_abc_17,8080
29010000,h11040c2:1,48.776033,11.436103,poi_abc_17,8080
29012000,h11040c2:1,48.7758,11.436324,poi_abc_17,8080
29014000,h11040c2:1,48.775568,11.436544,poi_abc_17,8080
29016000,h11040c2:1,48.775325,11.436742,poi_abc_17,8080
29018000,h11040c2:1,48.775076,11.436917,poi_abc_17,8080
29020000,h11040c2:1,48.774811,11.437033,poi_abc_17,8080
29022000,h11040c2:1,48.774545,11.437133,poi_abc_17,8080
29024000,h11040c2:1,48.774278,11.437229,poi_abc_17,8080
29026000,h11040c2:1,48.774046,11.437311,poi_abc_17,8080
29028000,h11040c2:1,48.773963,11.437339,poi_abc_17,8080
29030000,h11040c2:1,48.773963,11.437339,poi_abc_17,8080
29032000,h11040c2:1,48.773963,11.437339,poi_abc_17,8080
29034000,h11040c2:1,48.773963,11.437339,poi_abc_17,8080
29036000,h11040c2:1,48.773963,11.437339,poi_abc_17,8080
29038000,h11040c2:1,48.773963,11.437339,poi_abc_17,8080
29040000,h11040c2:1,48.773963,11.437339,poi_abc_17,8080
29042000,h11040c2:1,48.773963,11.437339,poi_abc_17,8080
29044000,h11040c2:1,48.773963,11.437339,poi_abc_17,8080
29046000,h11040c2:1,48.773963,11.437339,poi_abc_17,8080
29048000,h11040c2:1,48.773963,11.437339,poi_abc_17,8080
29050000,h11040c2:1,48.773963,11.437339,poi_abc_17,8080
29052000,h11040c2:1,48.773963,11.437339,poi_abc_17,8080
29054000,h11040c2:1,48.773963,11.437339,poi_abc_17,8080
29056000,h11040c2:1,48.773963,11.437339,poi_abc_17,8080
29058000,h11040c2:1,48.773963,11.437339,poi_abc_17,8080
29060000,h11040c2:1,48.773963,11.437339,poi_abc_17,8080
29062000,h11040c2:1,48.773963,11.437339,poi_abc_17,8080
29064000,h11040c2:1,48.773963,11.437339,poi_abc_17,8080
28960000,h6577c1:1,48.780118,11.413924,NONE,8080
28962000,h6577c1:1,48.780121,11.414062,NONE,8080
28964000,h6577c1:1,48.780026,11.414182,NONE,8080
28966000,h6577c1:1,48.779928,11.414306,NONE,8080
28968000,h6577c1:1,48.779831,11.414429,NONE,8080
28970000,h6577c1:1,48.779732,11.414549,NONE,8080
28972000,h6577c1:1,48.779631,11.414665,NONE,8080
28974000,h6577c1:1,48.779521,11.414763,NONE,8080
28976000,h6577c1:1,48.779417,11.414866,NONE,8080
28978000,h6577c1:1,48.779428,11.41504,NONE,8080
28980000,h6577c1:1,48.779487,11.41521,NONE,8080
28982000,h6577c1:1,48.779546,11.41538,NONE,8080
28984000,h6577c1:1,48.779614,11.415543,NONE,8080
28986000,h6577c1:1,48.779745,11.415537,NONE,8080
28988000,h6577c1:1,48.779924,11.415429,NONE,8080
28990000,h6577c1:1,48.780119,11.415302,NONE,8080
28992000,h6577c1:1,48.780311,11.415168,NONE,8080
28994000,h6577c1:1,48.780516,11.415073,NONE,8080
28996000,h6577c1:1,48.780708,11.414939,NONE,8080
28998000,h6577c1:1,48.780901,11.414804,NONE,8080
28969000,h1199c1:1,48.769792,11.414535,NONE,8080
28971000,h1199c1:1,48.76991,11.414615,NONE,8080
28973000,h1199c1:1,48.769917,11.414619,NONE,8080
28975000,h1199c1:1,48.769917,11.414619,NONE,8080
28977000,h1199c1:1,48.769917,11.414619,NONE,8080
28979000,h1199c1:1,48.769917,11.414619,NONE,8080
28981000,h1199c1:1,48.76993,11.414627,NONE,8080
28983000,h1199c1:1,48.770011,11.414643,NONE,8080
28985000,h1199c1:1,48.770139,11.41451,NONE,8080
28987000,h1199c1:1,48.770283,11.414378,NONE,8080
28989000,h1199c1:1,48.770486,11.414225,NONE,8080
28991000,h1199c1:1,48.7707,11.414061,NONE,8080
28993000,h1199c1:1,48.770913,11.413896,NONE,8080
28995000,h1199c1:1,48.771127,11.413732,NONE,8080
28997000,h1199c1:1,48.77134,11.413567,NONE,8080
28999000,h1199c1:1,48.771554,11.413404,NONE,8080
29001000,h1199c1:1,48.771765,11.413233,NONE,8080
29003000,h1199c1:1,48.771969,11.413045,NONE,8080
29005000,h1199c1:1,48.772158,11.412824,NONE,8080
29007000,h1199c1:1,48.772335,11.412581,NONE,8080
29009000,h1199c1:1,48.772506,11.412328,NONE,8080
28977000,randUni13036:1,48.779474,11.436899,poi_abc_12,8080
28979000,randUni13036:1,48.779468,11.436528,poi_abc_12,8080
28981000,randUni13036:1,48.779457,11.436157,poi_abc_12,8080
28983000,randUni13036:1,48.779427,11.435789,poi_abc_12,8080
28985000,randUni13036:1,48.779388,11.435424,poi_abc_12,8080
28987000,randUni13036:1,48.779348,11.435057,poi_abc_12,8080
28989000,randUni13036:1,48.779307,11.434696,poi_abc_12,8080
28991000,randUni13036:1,48.779222,11.434527,poi_abc_12,8080
28993000,randUni13036:1,48.779048,11.43449,poi_abc_12,8080
28995000,randUni13036:1,48.778812,11.434481,poi_abc_12,8080
28997000,randUni13036:1,48.778566,11.434474,poi_abc_12,8080
28999000,randUni13036:1,48.77832,11.434475,poi_abc_12,8080
29001000,randUni13036:1,48.778074,11.434504,poi_abc_12,8080
29003000,randUni13036:1,48.777834,11.434573,poi_abc_12,8080
29005000,randUni13036:1,48.777599,11.434684,poi_abc_12,8080
29007000,randUni13036:1,48.777376,11.43484,poi_abc_12,8080
29009000,randUni13036:1,48.77716,11.435019,poi_abc_12,8080
29011000,randUni13036:1,48.77695,11.435215,poi_abc_12,8080
29013000,randUni13036:1,48.776743,11.435417,poi_abc_17,8080
29015000,randUni13036:1,48.776536,11.435619,poi_abc_17,8080
29017000,randUni13036:1,48.776329,11.435821,poi_abc_17,8080
29019000,randUni13036:1,48.776121,11.436021,poi_abc_17,8080
29021000,randUni13036:1,48.775911,11.436218,poi_abc_17,8080
29023000,randUni13036:1,48.775713,11.436409,poi_abc_17,8080
29025000,randUni13036:1,48.775624,11.436494,poi_abc_17,8080
29027000,randUni13036:1,48.775622,11.436496,poi_abc_17,8080
29029000,randUni13036:1,48.775622,11.436496,poi_abc_17,8080
29031000,randUni13036:1,48.775622,11.436496,poi_abc_17,8080
29033000,randUni13036:1,48.775622,11.436496,poi_abc_17,8080
29035000,randUni13036:1,48.775622,11.436496,poi_abc_17,8080
29037000,randUni13036:1,48.775622,11.436496,poi_abc_17,8080
29039000,randUni13036:1,48.775622,11.436496,poi_abc_17,8080
29041000,randUni13036:1,48.775622,11.436496,poi_abc_17,8080
29043000,randUni13036:1,48.775622,11.436496,poi_abc_17,8080
29045000,randUni13036:1,48.775622,11.436496,poi_abc_17,8080
29047000,randUni13036:1,48.775622,11.436496,poi_abc_17,8080
29049000,randUni13036:1,48.775622,11.436496,poi_abc_17,8080
29051000,randUni13036:1,48.775622,11.436496,poi_abc_17,8080
29053000,randUni13036:1,48.775622,11.436496,poi_abc_17,8080
29055000,randUni13036:1,48.775622,11.436496,poi_abc_17,8080
29057000,randUni13036:1,48.775622,11.436496,poi_abc_17,8080
29059000,randUni13036:1,48.775622,11.436496,poi_abc_17,8080
29061000,randUni13036:1,48.775622,11.436496,poi_abc_17,8080
29063000,randUni13036:1,48.775622,11.436496,poi_abc_17,8080
28978000,carIn101289:1,48.783631,11.429831,NONE,8080
28980000,carIn101289:1,48.783494,11.429741,NONE,8080
28982000,carIn101289:1,48.783353,11.429672,NONE,8080
28984000,carIn101289:1,48.783267,11.429493,NONE,8080
28986000,carIn101289:1,48.783205,11.429286,NONE,8080
28988000,carIn101289:1,48.783141,11.429082,NONE,8080
28990000,carIn101289:1,48.783067,11.428885,NONE,8080
28992000,carIn101289:1,48.782991,11.42869,NONE,8080
28994000,carIn101289:1,48.782909,11.4285,NONE,8080
28996000,carIn101289:1,48.782804,11.428348,NONE,8080
28998000,carIn101289:1,48.782662,11.428395,NONE,8080
29000000,carIn101289:1,48.782526,11.428488,NONE,8080
29002000,carIn101289:1,48.78239,11.428581,NONE,8080
29004000,carIn101289:1,48.782255,11.428673,NONE,8080
29006000,carIn101289:1,48.782119,11.428766,NONE,8080
29008000,carIn101289:1,48.781982,11.428855,NONE,8080
29010000,carIn101289:1,48.781842,11.428931,poi_abc_15,8080
29012000,carIn101289:1,48.781702,11.429008,poi_abc_15,8080
29014000,carIn101289:1,48.781562,11.429084,poi_abc_15,8080
29016000,carIn101289:1,48.781421,11.42916,poi_abc_15,8080
29018000,carIn101289:1,48.781281,11.429236,poi_abc_15,8080
29020000,carIn101289:1,48.781208,11.429388,poi_abc_15,8080
29022000,carIn101289:1,48.781272,11.429634,poi_abc_12,8080
29024000,carIn101289:1,48.781361,11.429971,poi_abc_12,8080
29026000,carIn101289:1,48.781455,11.43032,poi_abc_12,8080
29028000,carIn101289:1,48.781549,11.43067,poi_abc_12,8080
29030000,carIn101289:1,48.781642,11.431019,poi_abc_12,8080
29032000,carIn101289:1,48.781736,11.431369,poi_abc_12,8080
29034000,carIn101289:1,48.781829,11.431718,poi_abc_12,8080
29036000,carIn101289:1,48.781923,11.432068,poi_abc_12,8080
29038000,carIn101289:1,48.782015,11.432418,poi_abc_12,8080
29040000,carIn101289:1,48.782108,11.432768,poi_abc_12,8080
29042000,carIn101289:1,48.782205,11.433115,poi_abc_12,8080
29044000,carIn101289:1,48.782302,11.433462,poi_abc_12,8080
29046000,carIn101289:1,48.782302,11.433462,poi_abc_12,8080
29048000,carIn101289:1,48.782302,11.433462,poi_abc_12,8080
29050000,carIn101289:1,48.782302,11.433462,poi_abc_12,8080
29052000,carIn101289:1,48.782302,11.433462,poi_abc_12,8080
29054000,carIn101289:1,48.782302,11.433462,poi_abc_12,8080
29056000,carIn101289:1,48.782302,11.433462,poi_abc_12,8080
29058000,carIn101289:1,48.782302,11.433462,poi_abc_12,8080
29060000,carIn101289:1,48.782302,11.433462,poi_abc_12,8080
29062000,carIn101289:1,48.782302,11.433462,poi_abc_12,8080
29064000,carIn101289:1,48.781181,11.435017,poi_abc_12,8080
28989000,h10205c1:1,48.777368,11.438282,poi_abc_17,8080
28991000,h10205c1:1,48.777221,11.43819,poi_abc_17,8080
28993000,h10205c1:1,48.777075,11.438098,poi_abc_17,8080
28995000,h10205c1:1,48.776944,11.438014,poi_abc_17,8080
28997000,h10205c1:1,48.776804,11.4379,poi_abc_17,8080
28999000,h10205c1:1,48.776665,11.437783,poi_abc_17,8080
29001000,h10205c1:1,48.776528,11.437661,poi_abc_17,8080
29003000,h10205c1:1,48.776391,11.437539,poi_abc_17,8080
29005000,h10205c1:1,48.776257,11.437412,poi_abc_17,8080
29007000,h10205c1:1,48.776126,11.437276,poi_abc_17,8080
29009000,h10205c1:1,48.775999,11.437131,poi_abc_17,8080
29011000,h10205c1:1,48.775874,11.436982,poi_abc_17,8080
29013000,h10205c1:1,48.775748,11.436833,poi_abc_17,8080
29015000,h10205c1:1,48.775639,11.436689,poi_abc_17,8080
29017000,h10205c1:1,48.775623,11.436658,poi_abc_17,8080
29019000,h10205c1:1,48.775623,11.436658,poi_abc_17,8080
29021000,h10205c1:1,48.775623,11.436658,poi_abc_17,8080
29023000,h10205c1:1,48.775623,11.436658,poi_abc_17,8080
29025000,h10205c1:1,48.775623,11.436657,poi_abc_17,8080
29027000,h10205c1:1,48.775592,11.436607,poi_abc_17,8080
29029000,h10205c1:1,48.775483,11.436617,poi_abc_17,8080
29031000,h10205c1:1,48.775318,11.436748,poi_abc_17,8080
29033000,h10205c1:1,48.775092,11.436909,poi_abc_17,8080
29035000,h10205c1:1,48.774837,11.437023,poi_abc_17,8080
29037000,h10205c1:1,48.774579,11.43712,poi_abc_17,8080
29039000,h10205c1:1,48.774323,11.437213,poi_abc_17,8080
29041000,h10205c1:1,48.77414,11.437278,poi_abc_17,8080
29043000,h10205c1:1,48.774056,11.437307,poi_abc_17,8080
29045000,h10205c1:1,48.774033,11.437315,poi_abc_17,8080
29047000,h10205c1:1,48.774029,11.437316,poi_abc_17,8080
29049000,h10205c1:1,48.774029,11.437317,poi_abc_17,8080
29051000,h10205c1:1,48.774028,11.437317,poi_abc_17,8080
29053000,h10205c1:1,48.774028,11.437317,poi_abc_17,8080
29055000,h10205c1:1,48.774028,11.437317,poi_abc_17,8080
29057000,h10205c1:1,48.774028,11.437317,poi_abc_17,8080
29059000,h10205c1:1,48.774028,11.437317,poi_abc_17,8080
29061000,h10205c1:1,48.774028,11.437317,poi_abc_17,8080
29063000,h10205c1:1,48.774028,11.437317,poi_abc_17,8080
28989000,h9745c1:1,48.77034,11.436385,poi_abc_14,8080
28991000,h9745c1:1,48.770503,11.436311,poi_abc_14,8080
28993000,h9745c1:1,48.77072,11.436142,poi_abc_14,8080
28995000,h9745c1:1,48.770889,11.435888,poi_abc_14,8080
28997000,h9745c1:1,48.770912,11.435643,poi_abc_14,8080
28999000,h9745c1:1,48.770773,11.435376,poi_abc_14,8080
29001000,h9745c1:1,48.770624,11.43504,poi_abc_14,8080
29003000,h9745c1:1,48.77048,11.434696,poi_abc_14,8080
29005000,h9745c1:1,48.77028,11.434425,poi_abc_14,8080
29007000,h9745c1:1,48.770063,11.434186,poi_abc_14,8080
29009000,h9745c1:1,48.769937,11.433863,poi_abc_14,8080
29011000,h9745c1:1,48.770012,11.433477,poi_abc_14,8080
29013000,h9745c1:1,48.770244,11.433268,poi_abc_14,8080
29015000,h9745c1:1,48.770492,11.433118,poi_abc_14,8080
29017000,h9745c1:1,48.77072,11.432918,poi_abc_14,8080
29019000,h9745c1:1,48.770951,11.432711,poi_abc_14,8080
29021000,h9745c1:1,48.771181,11.432503,poi_abc_9,8080
29023000,h9745c1:1,48.771407,11.432284,poi_abc_9,8080
29025000,h9745c1:1,48.771633,11.432068,poi_abc_9,8080
29027000,h9745c1:1,48.771865,11.431866,poi_abc_9,8080
29029000,h9745c1:1,48.771986,11.43164,poi_abc_9,8080
29031000,h9745c1:1,48.772006,11.431587,poi_abc_9,8080
29033000,h9745c1:1,48.772006,11.431587,poi_abc_9,8080
29035000,h9745c1:1,48.772006,11.431587,poi_abc_9,8080
29037000,h9745c1:1,48.772006,11.431587,poi_abc_9,8080
29039000,h9745c1:1,48.772006,11.431587,poi_abc_9,8080
29041000,h9745c1:1,48.772006,11.431587,poi_abc_9,8080
29043000,h9745c1:1,48.772006,11.431587,poi_abc_9,8080
29045000,h9745c1:1,48.772006,11.431587,poi_abc_9,8080
29047000,h9745c1:1,48.772006,11.431587,poi_abc_9,8080
29049000,h9745c1:1,48.772006,11.431587,poi_abc_9,8080
29051000,h9745c1:1,48.772006,11.431587,poi_abc_9,8080
29053000,h9745c1:1,48.772006,11.431587,poi_abc_9,8080
29055000,h9745c1:1,48.772006,11.431587,poi_abc_9,8080
29057000,h9745c1:1,48.772006,11.431587,poi_abc_9,8080
29059000,h9745c1:1,48.772006,11.431587,poi_abc_9,8080
29061000,h9745c1:1,48.772006,11.431587,poi_abc_9,8080
29063000,h9745c1:1,48.772006,11.431587,poi_abc_9,8080
28995000,h11206c2:1,48.782317,11.433403,poi_abc_12,8080
28997000,h11206c2:1,48.782221,11.433059,poi_abc_12,8080
28999000,h11206c2:1,48.782125,11.432715,poi_abc_12,8080
29001000,h11206c2:1,48.782033,11.432369,poi_abc_12,8080
29003000,h11206c2:1,48.781941,11.432022,poi_abc_12,8080
29005000,h11206c2:1,48.781849,11.431676,poi_abc_12,8080
29007000,h11206c2:1,48.781756,11.43133,poi_abc_12,8080
29009000,h11206c2:1,48.781664,11.430985,poi_abc_12,8080
29011000,h11206c2:1,48.781572,11.430639,poi_abc_12,8080
29013000,h11206c2:1,48.781479,11.430293,poi_abc_12,8080
29015000,h11206c2:1,48.781386,11.429947,poi_abc_12,8080
29017000,h11206c2:1,48.781294,11.429601,poi_abc_12,8080
29019000,h11206c2:1,48.781233,11.42936,poi_abc_15,8080
29021000,h11206c2:1,48.781321,11.42926,poi_abc_15,8080
29023000,h11206c2:1,48.78146,11.429185,poi_abc_15,8080
29025000,h11206c2:1,48.781598,11.42911,poi_abc_15,8080
29027000,h11206c2:1,48.781737,11.429035,poi_abc_15,8080
29029000,h11206c2:1,48.781876,11.428959,poi_abc_15,8080
29031000,h11206c2:1,48.782015,11.428884,NONE,8080
29033000,h11206c2:1,48.78215,11.428793,NONE,8080
29035000,h11206c2:1,48.782284,11.428701,NONE,8080
29037000,h11206c2:1,48.782419,11.428609,NONE,8080
29039000,h11206c2:1,48.782553,11.428517,NONE,8080
29041000,h11206c2:1,48.782687,11.428425,NONE,8080
29043000,h11206c2:1,48.782827,11.428409,NONE,8080
29045000,h11206c2:1,48.782916,11.428586,NONE,8080
29047000,h11206c2:1,48.782991,11.428776,NONE,8080
29049000,h11206c2:1,48.783065,11.428968,NONE,8080
29051000,h11206c2:1,48.783137,11.429162,NONE,8080
29053000,h11206c2:1,48.783197,11.429364,NONE,8080
29055000,h11206c2:1,48.783257,11.429566,NONE,8080
29057000,h11206c2:1,48.783354,11.429723,NONE,8080
29059000,h11206c2:1,48.783494,11.429787,NONE,8080
29000000,carIn32501:1,48.78362,11.429823,NONE,8080
29002000,carIn32501:1,48.78349,11.429738,NONE,8080
29004000,carIn32501:1,48.783355,11.429674,NONE,8080
29006000,carIn32501:1,48.783271,11.429509,NONE,8080
29008000,carIn32501:1,48.783213,11.429313,NONE,8080
29010000,carIn32501:1,48.783154,11.429118,NONE,8080
29012000,carIn32501:1,48.783084,11.428931,NONE,8080
29014000,carIn32501:1,48.783013,11.428747,NONE,8080
29016000,carIn32501:1,48.78294,11.428562,NONE,8080
29018000,carIn32501:1,48.782855,11.428391,NONE,8080
29020000,carIn32501:1,48.782724,11.428356,NONE,8080
29022000,carIn32501:1,48.782595,11.428441,NONE,8080
29024000,carIn32501:1,48.782467,11.428528,NONE,8080
29026000,carIn32501:1,48.782339,11.428616,NONE,8080
29028000,carIn32501:1,48.78221,11.428704,NONE,8080
29030000,carIn32501:1,48.782082,11.428792,NONE,8080
29032000,carIn32501:1,48.781952,11.428872,poi_abc_15,8080
29034000,carIn32501:1,48.781819,11.428944,poi_abc_15,8080
29036000,carIn32501:1,48.781687,11.429016,poi_abc_15,8080
29038000,carIn32501:1,48.781554,11.429088,poi_abc_15,8080
29040000,carIn32501:1,48.781421,11.42916,poi_abc_15,8080
29042000,carIn32501:1,48.781288,11.429232,poi_abc_15,8080
29044000,carIn32501:1,48.781205,11.429365,poi_abc_15,8080
29046000,carIn32501:1,48.78126,11.42959,poi_abc_12,8080
29048000,carIn32501:1,48.781343,11.429902,poi_abc_12,8080
29050000,carIn32501:1,48.781432,11.430233,poi_abc_12,8080
29052000,carIn32501:1,48.78152,11.430563,poi_abc_12,8080
29054000,carIn32501:1,48.781609,11.430894,poi_abc_12,8080
29056000,carIn32501:1,48.781697,11.431224,poi_abc_12,8080
29058000,carIn32501:1,48.781786,11.431555,poi_abc_12,8080
29060000,carIn32501:1,48.781874,11.431886,poi_abc_12,8080
29062000,carIn32501:1,48.781962,11.432217,poi_abc_12,8080
29064000,carIn32501:1,48.782049,11.432548,poi_abc_12,8080
29000000,randUni9156:1,48.77892,11.414328,NONE,8080
29002000,randUni9156:1,48.778879,11.414347,NONE,8080
29004000,randUni9156:1,48.778762,11.414366,NONE,8080
29006000,randUni9156:1,48.778608,11.414372,NONE,8080
29008000,randUni9156:1,48.778455,11.414377,NONE,8080
29010000,randUni9156:1,48.778303,11.414381,NONE,8080
29012000,randUni9156:1,48.778152,11.414392,NONE,8080
29014000,randUni9156:1,48.778011,11.414419,NONE,8080
29016000,randUni9156:1,48.777865,11.41446,NONE,8080
29018000,randUni9156:1,48.777717,11.414509,NONE,8080
29020000,randUni9156:1,48.77757,11.414564,NONE,8080
29022000,randUni9156:1,48.777442,11.414612,NONE,8080
29024000,randUni9156:1,48.777383,11.414453,NONE,8080
29026000,randUni9156:1,48.77734,11.414232,NONE,8080
29028000,randUni9156:1,48.777298,11.414011,NONE,8080
29030000,randUni9156:1,48.777256,11.41379,NONE,8080
29032000,randUni9156:1,48.777213,11.413569,NONE,8080
29034000,randUni9156:1,48.777174,11.413362,NONE,8080
29036000,randUni9156:1,48.777086,11.413239,NONE,8080
29038000,randUni9156:1,48.776966,11.413371,NONE,8080
29040000,randUni9156:1,48.776846,11.413513,NONE,8080
29042000,randUni9156:1,48.776729,11.413655,NONE,8080
29044000,randUni9156:1,48.776623,11.413815,NONE,8080
29046000,randUni9156:1,48.776556,11.414018,NONE,8080
29048000,randUni9156:1,48.776529,11.41424,NONE,8080
29050000,randUni9156:1,48.776514,11.41445,NONE,8080
29052000,randUni9156:1,48.776499,11.414679,NONE,8080
29054000,randUni9156:1,48.776485,11.414908,NONE,8080
29056000,randUni9156:1,48.776471,11.415137,NONE,8080
29058000,randUni9156:1,48.776459,11.415367,NONE,8080
29060000,randUni9156:1,48.776456,11.415597,NONE,8080
29062000,randUni9156:1,48.776452,11.415827,NONE,8080
29064000,randUni9156:1,48.776453,11.416057,NONE,8080
29003000,carIn36905:1,48.771746,11.437486,poi_abc_17,8080
29005000,carIn36905:1,48.771674,11.436989,poi_abc_14,8080
29007000,carIn36905:1,48.771542,11.436521,poi_abc_14,8080
29009000,carIn36905:1,48.771339,11.436117,poi_abc_14,8080
29011000,carIn36905:1,48.771175,11.435882,poi_abc_14,8080
29013000,carIn36905:1,48.771124,11.435818,poi_abc_14,8080
29015000,carIn36905:1,48.771124,11.435818,poi_abc_14,8080
29017000,carIn36905:1,48.771124,11.435818,poi_abc_14,8080
29019000,carIn36905:1,48.771124,11.435818,poi_abc_14,8080
29021000,carIn36905:1,48.771124,11.435818,poi_abc_14,8080
29023000,carIn36905:1,48.771124,11.435818,poi_abc_14,8080
29025000,carIn36905:1,48.771124,11.435818,poi_abc_14,8080
29027000,carIn36905:1,48.771124,11.435818,poi_abc_14,8080
29029000,carIn36905:1,48.771124,11.435818,poi_abc_14,8080
29031000,carIn36905:1,48.771124,11.435818,poi_abc_14,8080
29033000,carIn36905:1,48.771124,11.435818,poi_abc_14,8080
29035000,carIn36905:1,48.771124,11.435818,poi_abc_14,8080
29037000,carIn36905:1,48.771124,11.435818,poi_abc_14,8080
29039000,carIn36905:1,48.771124,11.435818,poi_abc_14,8080
29041000,carIn36905:1,48.771124,11.435818,poi_abc_14,8080
29043000,carIn36905:1,48.771124,11.435818,poi_abc_14,8080
29045000,carIn36905:1,48.771124,11.435818,poi_abc_14,8080
29047000,carIn36905:1,48.771124,11.435818,poi_abc_14,8080
29049000,carIn36905:1,48.771124,11.435818,poi_abc_14,8080
29051000,carIn36905:1,48.771114,11.435806,poi_abc_14,8080
29053000,carIn36905:1,48.771051,11.435737,poi_abc_14,8080
29055000,carIn36905:1,48.770932,11.435609,poi_abc_14,8080
29057000,carIn36905:1,48.77078,11.435389,poi_abc_14,8080
29059000,carIn36905:1,48.770622,11.435036,poi_abc_14,8080
29061000,carIn36905:1,48.770436,11.434613,poi_abc_14,8080
29063000,carIn36905:1,48.770168,11.434303,poi_abc_14,8080
29005000,h17333c2:3,48.780808,11.414678,NONE,8080
29007000,h17333c2:3,48.780553,11.414856,NONE,8080
29009000,h17333c2:3,48.780297,11.415034,NONE,8080
29011000,h17333c2:3,48.780042,11.415212,NONE,8080
29013000,h17333c2:3,48.779796,11.415413,NONE,8080
29015000,h17333c2:3,48.779536,11.41557,NONE,8080
29017000,h17333c2:3,48.779274,11.415724,NONE,8080
29019000,h17333c2:3,48.779009,11.415865,NONE,8080
29021000,h17333c2:3,48.778742,11.415997,NONE,8080
29023000,h17333c2:3,48.778474,11.416122,NONE,8080
29025000,h17333c2:3,48.778209,11.416274,NONE,8080
29027000,h17333c2:3,48.777936,11.416379,NONE,8080
29029000,h17333c2:3,48.777662,11.416478,NONE,8080
29031000,h17333c2:3,48.777387,11.416564,NONE,8080
29033000,h17333c2:3,48.777112,11.41665,NONE,8080
29035000,h17333c2:3,48.776837,11.416737,NONE,8080
29037000,h17333c2:3,48.776561,11.416823,NONE,8080
29039000,h17333c2:3,48.776283,11.416896,NONE,8080
29041000,h17333c2:3,48.776005,11.416968,NONE,8080
29043000,h17333c2:3,48.775729,11.417054,NONE,8080
29045000,h17333c2:3,48.775494,11.417117,NONE,8080
29047000,h17333c2:3,48.775369,11.417141,NONE,8080
29049000,h17333c2:3,48.775324,11.417143,NONE,8080
29051000,h17333c2:3,48.775315,11.417143,NONE,8080
29053000,h17333c2:3,48.775314,11.417143,NONE,8080
29055000,h17333c2:3,48.775314,11.417143,NONE,8080
29057000,h17333c2:3,48.775314,11.417143,NONE,8080
29059000,h17333c2:3,48.775314,11.417143,NONE,8080
29061000,h17333c2:3,48.775314,11.417143,NONE,8080
29063000,h17333c2:3,48.775314,11.417143,NONE,8080
29006000,h5476c2:1,48.780808,11.414725,NONE,8080
29008000,h5476c2:1,48.780566,11.414894,NONE,8080
29010000,h5476c2:1,48.780324,11.415063,NONE,8080
29012000,h5476c2:1,48.780082,11.415232,NONE,8080
29014000,h5476c2:1,48.779839,11.415383,NONE,8080
29016000,h5476c2:1,48.779603,11.415576,NONE,8080
29018000,h5476c2:1,48.779356,11.415722,NONE,8080
29020000,h5476c2:1,48.779105,11.415863,NONE,8080
29022000,h5476c2:1,48.778852,11.415988,NONE,8080
29024000,h5476c2:1,48.778598,11.416111,NONE,8080
29026000,h5476c2:1,48.778342,11.416223,NONE,8080
29028000,h5476c2:1,48.778084,11.416322,NONE,8080
29030000,h5476c2:1,48.777826,11.416422,NONE,8080
29032000,h5476c2:1,48.777565,11.416508,NONE,8080
29034000,h5476c2:1,48.777305,11.41659,NONE,8080
29036000,h5476c2:1,48.777044,11.416672,NONE,8080
29038000,h5476c2:1,48.776784,11.416753,NONE,8080
29040000,h5476c2:1,48.776522,11.416833,NONE,8080
29042000,h5476c2:1,48.77626,11.416902,NONE,8080
29044000,h5476c2:1,48.775996,11.416971,NONE,8080
29046000,h5476c2:1,48.775737,11.417052,NONE,8080
29048000,h5476c2:1,48.775542,11.417104,NONE,8080
29050000,h5476c2:1,48.775434,11.417133,NONE,8080
29052000,h5476c2:1,48.775392,11.417141,NONE,8080
29054000,h5476c2:1,48.775383,11.417141,NONE,8080
29056000,h5476c2:1,48.775382,11.417141,NONE,8080
29058000,h5476c2:1,48.775381,11.417141,NONE,8080
29060000,h5476c2:1,48.775381,11.417141,NONE,8080
29062000,h5476c2:1,48.775381,11.417141,NONE,8080
29064000,h5476c2:1,48.775381,11.417141,NONE,8080
29007000,h11412c1:3,48.782313,11.433387,poi_abc_12,8080
29009000,h11412c1:3,48.782215,11.433037,poi_abc_12,8080
29011000,h11412c1:3,48.782117,11.432687,poi_abc_12,8080
29013000,h11412c1:3,48.782024,11.432335,poi_abc_12,8080
29015000,h11412c1:3,48.781931,11.431982,poi_abc_12,8080
29017000,h11412c1:3,48.781837,11.43163,poi_abc_12,8080
29019000,h11412c1:3,48.781743,11.431278,poi_abc_12,8080
29021000,h11412c1:3,48.781648,11.430926,poi_abc_12,8080
29023000,h11412c1:3,48.781554,11.430573,poi_abc_12,8080
29025000,h11412c1:3,48.78146,11.430222,poi_abc_12,8080
29027000,h11412c1:3,48.781365,11.429869,poi_abc_12,8080
29029000,h11412c1:3,48.781274,11.429524,poi_abc_12,8080
29031000,h11412c1:3,48.781239,11.429321,poi_abc_15,8080
29033000,h11412c1:3,48.781357,11.429241,poi_abc_15,8080
29035000,h11412c1:3,48.781498,11.429164,poi_abc_15,8080
29037000,h11412c1:3,48.781639,11.429088,poi_abc_15,8080
29039000,h11412c1:3,48.781781,11.429011,poi_abc_15,8080
29041000,h11412c1:3,48.781922,11.428934,poi_abc_15,8080
29043000,h11412c1:3,48.782062,11.428853,NONE,8080
29045000,h11412c1:3,48.782199,11.42876,NONE,8080
29047000,h11412c1:3,48.782335,11.428666,NONE,8080
29049000,h11412c1:3,48.782472,11.428572,NONE,8080
29051000,h11412c1:3,48.782609,11.428479,NONE,8080
29053000,h11412c1:3,48.782747,11.428392,NONE,8080
29055000,h11412c1:3,48.782867,11.428489,NONE,8080
29057000,h11412c1:3,48.782951,11.428675,NONE,8080
29059000,h11412c1:3,48.783027,11.42887,NONE,8080
29061000,h11412c1:3,48.783102,11.429065,NONE,8080
29063000,h11412c1:3,48.783168,11.429267,NONE,8080
29011000,randUni26896:1,48.771891,11.43127,poi_abc_9,8080
29013000,randUni26896:1,48.771855,11.431237,poi_abc_9,8080
29015000,randUni26896:1,48.771754,11.431154,poi_abc_9,8080
29017000,randUni26896:1,48.771594,11.431021,poi_abc_9,8080
29019000,randUni26896:1,48.771389,11.43085,poi_abc_9,8080
29021000,randUni26896:1,48.771183,11.430671,poi_abc_9,8080
29023000,randUni26896:1,48.770977,11.430492,poi_abc_9,8080
29025000,randUni26896:1,48.770773,11.430312,poi_abc_9,8080
29027000,randUni26896:1,48.770568,11.43013,poi_abc_5,8080
29029000,randUni26896:1,48.770363,11.429949,poi_abc_5,8080
29031000,randUni26896:1,48.770159,11.429768,poi_abc_5,8080
29033000,randUni26896:1,48.769955,11.429584,poi_abc_5,8080
29035000,randUni26896:1,48.769751,11.429402,poi_abc_5,8080
29037000,randUni26896:1,48.769548,11.429219,poi_abc_5,8080
29039000,randUni26896:1,48.769353,11.429043,poi_abc_5,8080
29041000,randUni26896:1,48.769263,11.428967,poi_abc_5,8080
29043000,randUni26896:1,48.769192,11.428941,poi_abc_5,8080
29045000,randUni26896:1,48.769071,11.429067,poi_abc_5,8080
29047000,randUni26896:1,48.768932,11.429318,poi_abc_5,8080
29049000,randUni26896:1,48.76876,11.429565,poi_abc_5,8080
29051000,randUni26896:1,48.768583,11.429805,poi_abc_5,8080
29053000,randUni26896:1,48.768407,11.430045,poi_abc_8,8080
29055000,randUni26896:1,48.76823,11.430285,poi_abc_8,8080
29057000,randUni26896:1,48.76806,11.430523,poi_abc_8,8080
29059000,randUni26896:1,48.767977,11.430645,poi_abc_8,8080
29061000,randUni26896:1,48.767974,11.430649,poi_abc_8,8080
29063000,randUni26896:1,48.767974,11.430649,poi_abc_8,8080
29016000,carIn98405:1,48.783603,11.42981,NONE,8080
29018000,carIn98405:1,48.78347,11.429727,NONE,8080
29020000,carIn98405:1,48.783337,11.429656,NONE,8080
29022000,carIn98405:1,48.783261,11.429475,NONE,8080
29024000,carIn98405:1,48.783202,11.429277,NONE,8080
29026000,carIn98405:1,48.78314,11.429081,NONE,8080
29028000,carIn98405:1,48.78307,11.428893,NONE,8080
29030000,carIn98405:1,48.782997,11.428706,NONE,8080
29032000,carIn98405:1,48.78292,11.428522,NONE,8080
29034000,carIn98405:1,48.782827,11.428361,NONE,8080
29036000,carIn98405:1,48.78269,11.428375,NONE,8080
29038000,carIn98405:1,48.782561,11.428464,NONE,8080
29040000,carIn98405:1,48.782431,11.428553,NONE,8080
29042000,carIn98405:1,48.782301,11.428642,NONE,8080
29044000,carIn98405:1,48.782171,11.428731,NONE,8080
29046000,carIn98405:1,48.782041,11.42882,NONE,8080
29048000,carIn98405:1,48.781908,11.428896,poi_abc_15,8080
29050000,carIn98405:1,48.781773,11.428969,poi_abc_15,8080
29052000,carIn98405:1,48.781639,11.429042,poi_abc_15,8080
29054000,carIn98405:1,48.781505,11.429115,poi_abc_15,8080
29056000,carIn98405:1,48.78137,11.429187,poi_abc_15,8080
29058000,carIn98405:1,48.781238,11.429264,poi_abc_15,8080
29060000,carIn98405:1,48.781222,11.429446,poi_abc_15,8080
29062000,carIn98405:1,48.781291,11.429706,poi_abc_12,8080
29064000,carIn98405:1,48.781379,11.430037,poi_abc_12,8080
29020000,h15912c1:1,48.781191,11.43502,poi_abc_12,8080
29022000,h15912c1:1,48.780934,11.434938,poi_abc_12,8080
29024000,h15912c1:1,48.78068,11.434843,poi_abc_12,8080
29026000,h15912c1:1,48.780428,11.434736,poi_abc_12,8080
29028000,h15912c1:1,48.780175,11.434635,poi_abc_12,8080
29030000,h15912c1:1,48.779919,11.434561,poi_abc_12,8080
29032000,h15912c1:1,48.779662,11.434491,poi_abc_12,8080
29034000,h15912c1:1,48.779461,11.434473,poi_abc_12,8080
29036000,h15912c1:1,48.779412,11.434494,poi_abc_12,8080
29038000,h15912c1:1,48.779412,11.434494,poi_abc_12,8080
29040000,h15912c1:1,48.779412,11.434494,poi_abc_12,8080
29042000,h15912c1:1,48.779412,11.434494,poi_abc_12,8080
29044000,h15912c1:1,48.779399,11.434496,poi_abc_12,8080
29046000,h15912c1:1,48.779324,11.434532,poi_abc_12,8080
29048000,h15912c1:1,48.779246,11.434697,poi_abc_12,8080
29050000,h15912c1:1,48.779287,11.435018,poi_abc_12,8080
29052000,h15912c1:1,48.779329,11.435407,poi_abc_12,8080
29054000,h15912c1:1,48.779363,11.435828,poi_abc_12,8080
29056000,h15912c1:1,48.77936,11.43635,poi_abc_12,8080
29023000,h666c1:3,48.76818,11.423978,NONE,8080
29025000,h666c1:3,48.768181,11.424041,NONE,8080
29027000,h666c1:3,48.768187,11.424218,NONE,8080
29029000,h666c1:3,48.768193,11.424449,NONE,8080
29031000,h666c1:3,48.7682,11.42468,NONE,8080
29033000,h666c1:3,48.768207,11.424911,NONE,8080
29035000,h666c1:3,48.768214,11.425142,NONE,8080
29037000,h666c1:3,48.768221,11.425373,NONE,8080
29039000,h666c1:3,48.768227,11.425604,NONE,8080
29041000,h666c1:3,48.768235,11.425835,NONE,8080
29043000,h666c1:3,48.768245,11.426041,NONE,8080
29045000,h666c1:3,48.76836,11.426153,NONE,8080
29047000,h666c1:3,48.768512,11.42617,NONE,8080
29049000,h666c1:3,48.768653,11.426184,NONE,8080
29051000,h666c1:3,48.768751,11.426074,NONE,8080
29053000,h666c1:3,48.768748,11.425845,NONE,8080
29055000,h666c1:3,48.768744,11.425613,NONE,8080
29057000,h666c1:3,48.76874,11.425382,NONE,8080
29059000,h666c1:3,48.768736,11.425151,NONE,8080
29061000,h666c1:3,48.76873,11.42492,NONE,8080
29063000,h666c1:3,48.768721,11.424689,NONE,8080
29025000,h9402c1:1,48.771752,11.437545,poi_abc_17,8080
29027000,h9402c1:1,48.77171,11.437178,poi_abc_14,8080
29029000,h9402c1:1,48.771636,11.436822,poi_abc_14,8080
29031000,h9402c1:1,48.771525,11.436487,poi_abc_14,8080
29033000,h9402c1:1,48.77138,11.436182,poi_abc_14,8080
29035000,h9402c1:1,48.771253,11.435992,poi_abc_14,8080
29037000,h9402c1:1,48.771196,11.435908,poi_abc_14,8080
29039000,h9402c1:1,48.77118,11.435888,poi_abc_14,8080
29041000,h9402c1:1,48.771177,11.435885,poi_abc_14,8080
29043000,h9402c1:1,48.771177,11.435884,poi_abc_14,8080
29045000,h9402c1:1,48.771177,11.435884,poi_abc_14,8080
29047000,h9402c1:1,48.771177,11.435884,poi_abc_14,8080
29049000,h9402c1:1,48.771177,11.435884,poi_abc_14,8080
29051000,h9402c1:1,48.771173,11.43588,poi_abc_14,8080
29053000,h9402c1:1,48.771132,11.435827,poi_abc_14,8080
29055000,h9402c1:1,48.771034,11.43572,poi_abc_14,8080
29057000,h9402c1:1,48.770886,11.43555,poi_abc_14,8080
29059000,h9402c1:1,48.770727,11.435281,poi_abc_14,8080
29061000,h9402c1:1,48.770593,11.434968,poi_abc_14,8080
29063000,h9402c1:1,48.770499,11.434649,poi_abc_14,8080
29028000,h8337c2:1,48.77527,11.41162,NONE,8080
29030000,h8337c2:1,48.775273,11.411996,NONE,8080
29032000,h8337c2:1,48.775263,11.412371,NONE,8080
29034000,h8337c2:1,48.775239,11.412746,NONE,8080
29036000,h8337c2:1,48.775212,11.41312,NONE,8080
29038000,h8337c2:1,48.775183,11.413494,NONE,8080
29040000,h8337c2:1,48.775154,11.413867,NONE,8080
29042000,h8337c2:1,48.775125,11.414241,NONE,8080
29044000,h8337c2:1,48.775097,11.414614,NONE,8080
29046000,h8337c2:1,48.775068,11.414988,NONE,8080
29048000,h8337c2:1,48.775039,11.415362,NONE,8080
29050000,h8337c2:1,48.775011,11.415736,NONE,8080
29052000,h8337c2:1,48.774983,11.41611,NONE,8080
29054000,h8337c2:1,48.774955,11.416484,NONE,8080
29056000,h8337c2:1,48.774923,11.416857,NONE,8080
29058000,h8337c2:1,48.774913,11.417234,NONE,8080
29060000,h8337c2:1,48.774913,11.41761,NONE,8080
29062000,h8337c2:1,48.774919,11.417986,NONE,8080
29064000,h8337c2:1,48.774926,11.418362,NONE,8080
29030000,carIn123848:1,48.781206,11.435024,poi_abc_12,8080
29032000,carIn123848:1,48.781002,11.43496,poi_abc_12,8080
29034000,carIn123848:1,48.7808,11.434892,poi_abc_12,8080
29036000,carIn123848:1,48.780599,11.43481,poi_abc_12,8080
29038000,carIn123848:1,48.780399,11.434722,poi_abc_12,8080
29040000,carIn123848:1,48.780205,11.434599,poi_abc_12,8080
29042000,carIn123848:1,48.780001,11.434539,poi_abc_12,8080
29044000,carIn123848:1,48.779797,11.434483,poi_abc_12,8080
29046000,carIn123848:1,48.779593,11.434428,poi_abc_12,8080
29048000,carIn123848:1,48.779411,11.434338,poi_abc_12,8080
29050000,carIn123848:1,48.779308,11.434175,poi_abc_12,8080
29052000,carIn123848:1,48.779233,11.433892,poi_abc_12,8080
29054000,carIn123848:1,48.779166,11.433595,poi_abc_12,8080
29056000,carIn123848:1,48.779094,11.433301,poi_abc_12,8080
29058000,carIn123848:1,48.77901,11.433017,poi_abc_12,8080
29060000,carIn123848:1,48.77893,11.432728,poi_abc_12,8080
29062000,carIn123848:1,48.778854,11.432455,poi_abc_12,8080
29064000,carIn123848:1,48.778818,11.432366,poi_abc_12,8080
29032000,carIn56872:1,48.781172,11.435014,poi_abc_12,8080
29034000,carIn56872:1,48.780969,11.434949,poi_abc_12,8080
29036000,carIn56872:1,48.780766,11.434879,poi_abc_12,8080
29038000,carIn56872:1,48.780566,11.434796,poi_abc_12,8080
29040000,carIn56872:1,48.780367,11.434706,poi_abc_12,8080
29042000,carIn56872:1,48.780146,11.434626,poi_abc_12,8080
29044000,carIn56872:1,48.779954,11.434526,poi_abc_12,8080
29046000,carIn56872:1,48.779755,11.434472,poi_abc_12,8080
29048000,carIn56872:1,48.779562,11.43442,poi_abc_12,8080
29050000,carIn56872:1,48.779419,11.434348,poi_abc_12,8080
29052000,carIn56872:1,48.779313,11.434185,poi_abc_12,8080
29054000,carIn56872:1,48.779233,11.433893,poi_abc_12,8080
29056000,carIn56872:1,48.779131,11.433577,poi_abc_12,8080
29058000,carIn56872:1,48.779033,11.433233,poi_abc_12,8080
29060000,carIn56872:1,48.778941,11.432882,poi_abc_12,8080
29062000,carIn56872:1,48.778848,11.432547,poi_abc_12,8080
29064000,carIn56872:1,48.778795,11.432391,poi_abc_12,8080
29033000,carIn90874:1,48.781241,11.435029,poi_abc_12,8080
29035000,carIn90874:1,48.781037,11.434971,poi_abc_12,8080
29037000,carIn90874:1,48.780834,11.434906,poi_abc_12,8080
29039000,carIn90874:1,48.780633,11.434824,poi_abc_12,8080
29041000,carIn90874:1,48.78043,11.434737,poi_abc_12,8080
29043000,carIn90874:1,48.780216,11.434647,poi_abc_12,8080
29045000,carIn90874:1,48.779977,11.434576,poi_abc_12,8080
29047000,carIn90874:1,48.779725,11.434508,poi_abc_12,8080
29049000,carIn90874:1,48.779476,11.434462,poi_abc_12,8080
29051000,carIn90874:1,48.779298,11.434553,poi_abc_12,8080
29053000,carIn90874:1,48.77926,11.434802,poi_abc_12,8080
29055000,carIn90874:1,48.779303,11.435157,poi_abc_12,8080
29057000,carIn90874:1,48.779342,11.435541,poi_abc_12,8080
29059000,carIn90874:1,48.779345,11.435992,poi_abc_12,8080
29061000,carIn90874:1,48.779369,11.436547,poi_abc_12,8080
29033000,h10636c1:1,48.774946,11.438742,poi_abc_17,8080
29035000,h10636c1:1,48.77507,11.438687,poi_abc_17,8080
29037000,h10636c1:1,48.775193,11.438633,poi_abc_17,8080
29039000,h10636c1:1,48.775306,11.438564,poi_abc_17,8080
29041000,h10636c1:1,48.775291,11.438394,poi_abc_17,8080
29043000,h10636c1:1,48.775231,11.438222,poi_abc_17,8080
29045000,h10636c1:1,48.77517,11.43805,poi_abc_17,8080
29047000,h10636c1:1,48.77511,11.437878,poi_abc_17,8080
29049000,h10636c1:1,48.775051,11.437705,poi_abc_17,8080
29051000,h10636c1:1,48.774992,11.437532,poi_abc_17,8080
29053000,h10636c1:1,48.774933,11.437359,poi_abc_17,8080
29055000,h10636c1:1,48.774875,11.437189,poi_abc_17,8080
29057000,h10636c1:1,48.774875,11.437056,poi_abc_17,8080
29059000,h10636c1:1,48.774992,11.437,poi_abc_17,8080
29061000,h10636c1:1,48.775174,11.43691,poi_abc_17,8080
29063000,h10636c1:1,48.775364,11.43676,poi_abc_17,8080
29035000,carIn14742:1,48.781207,11.435025,poi_abc_12,8080
29037000,carIn14742:1,48.781004,11.43496,poi_abc_12,8080
29039000,carIn14742:1,48.7808,11.434893,poi_abc_12,8080
29041000,carIn14742:1,48.780598,11.43481,poi_abc_12,8080
29043000,carIn14742:1,48.780387,11.434716,poi_abc_12,8080
29045000,carIn14742:1,48.78016,11.434586,poi_abc_12,8080
29047000,carIn14742:1,48.779905,11.434513,poi_abc_12,8080
29049000,carIn14742:1,48.779691,11.434455,poi_abc_12,8080
29051000,carIn14742:1,48.779515,11.434408,poi_abc_12,8080
29053000,carIn14742:1,48.77938,11.434298,poi_abc_12,8080
29055000,carIn14742:1,48.779281,11.434104,poi_abc_12,8080
29057000,carIn14742:1,48.779207,11.433774,poi_abc_12,8080
29059000,carIn14742:1,48.779111,11.433366,poi_abc_12,8080
29061000,carIn14742:1,48.778999,11.432979,poi_abc_12,8080
29063000,carIn14742:1,48.778914,11.432673,poi_abc_12,8080
29037000,carIn51160:1,48.781174,11.435015,poi_abc_12,8080
29039000,carIn51160:1,48.78097,11.43495,poi_abc_12,8080
29041000,carIn51160:1,48.780767,11.434879,poi_abc_12,8080
29043000,carIn51160:1,48.780556,11.434792,poi_abc_12,8080
29045000,carIn51160:1,48.780334,11.43469,poi_abc_12,8080
29047000,carIn51160:1,48.780099,11.434567,poi_abc_12,8080
29049000,carIn51160:1,48.779875,11.434505,poi_abc_12,8080
29051000,carIn51160:1,48.779685,11.434453,poi_abc_12,8080
29053000,carIn51160:1,48.779518,11.434408,poi_abc_12,8080
29055000,carIn51160:1,48.779388,11.434308,poi_abc_12,8080
29057000,carIn51160:1,48.779288,11.434131,poi_abc_12,8080
29059000,carIn51160:1,48.779216,11.433814,poi_abc_12,8080
29061000,carIn51160:1,48.779134,11.433462,poi_abc_12,8080
29063000,carIn51160:1,48.779037,11.433122,poi_abc_12,8080
29038000,carIn101760:1,48.781243,11.435029,poi_abc_12,8080
29040000,carIn101760:1,48.781038,11.434971,poi_abc_12,8080
29042000,carIn101760:1,48.780829,11.434905,poi_abc_12,8080
29044000,carIn101760:1,48.78062,11.434819,poi_abc_12,8080
29046000,carIn101760:1,48.780391,11.434718,poi_abc_12,8080
29048000,carIn101760:1,48.78014,11.434624,poi_abc_12,8080
29050000,carIn101760:1,48.779933,11.43452,poi_abc_12,8080
29052000,carIn101760:1,48.779754,11.434472,poi_abc_12,8080
29054000,carIn101760:1,48.779593,11.434428,poi_abc_12,8080
29056000,carIn101760:1,48.779409,11.434451,poi_abc_12,8080
29058000,carIn101760:1,48.779155,11.434487,poi_abc_12,8080
29060000,carIn101760:1,48.778882,11.434483,poi_abc_12,8080
29062000,carIn101760:1,48.778609,11.434476,poi_abc_12,8080
29064000,carIn101760:1,48.778337,11.434475,poi_abc_12,8080
29042000,h10890c1:3,48.779502,11.436827,poi_abc_12,8080
29044000,h10890c1:3,48.779496,11.436467,poi_abc_12,8080
29046000,h10890c1:3,48.779482,11.436107,poi_abc_12,8080
29048000,h10890c1:3,48.779468,11.435749,poi_abc_12,8080
29050000,h10890c1:3,48.779443,11.435391,poi_abc_12,8080
29052000,h10890c1:3,48.779403,11.435036,poi_abc_12,8080
29054000,h10890c1:3,48.77937,11.434739,poi_abc_12,8080
29056000,h10890c1:3,48.779362,11.434666,poi_abc_12,8080
29058000,h10890c1:3,48.779362,11.434666,poi_abc_12,8080
29060000,h10890c1:3,48.779362,11.434666,poi_abc_12,8080
29062000,h10890c1:3,48.779362,11.434666,poi_abc_12,8080
29064000,h10890c1:3,48.779362,11.434666,poi_abc_12,8080
29049000,h10756c1:3,48.774009,11.438422,poi_abc_17,8080
29051000,h10756c1:3,48.773996,11.438245,poi_abc_17,8080
29053000,h10756c1:3,48.773983,11.438069,poi_abc_17,8080
29055000,h10756c1:3,48.773965,11.437893,poi_abc_17,8080
29057000,h10756c1:3,48.773947,11.437718,poi_abc_17,8080
29059000,h10756c1:3,48.773928,11.437542,poi_abc_17,8080
29061000,h10756c1:3,48.773939,11.437398,poi_abc_17,8080
29063000,h10756c1:3,48.774052,11.437353,poi_abc_17,8080
29051000,h2055c2:1,48.775299,11.41166,NONE,8080
29053000,h2055c2:1,48.775301,11.412035,NONE,8080
29055000,h2055c2:1,48.77529,11.41241,NONE,8080
29057000,h2055c2:1,48.775266,11.41278,NONE,8080
29059000,h2055c2:1,48.775238,11.413149,NONE,8080
29061000,h2055c2:1,48.77521,11.413519,NONE,8080
29063000,h2055c2:1,48.775181,11.413888,NONE,8080
29051000,h3254c2:1,48.77527,11.411648,NONE,8080
29053000,h3254c2:1,48.775273,11.412019,NONE,8080
29055000,h3254c2:1,48.775262,11.412389,NONE,8080
29057000,h3254c2:1,48.775238,11.412759,NONE,8080
29059000,h3254c2:1,48.775211,11.413128,NONE,8080
29061000,h3254c2:1,48.775182,11.413497,NONE,8080
29063000,h3254c2:1,48.775154,11.413867,NONE,8080
29054000,h297c2:1,48.769729,11.41454,NONE,8080
29056000,h297c2:1,48.769883,11.414644,NONE,8080
29058000,h297c2:1,48.769906,11.414659,NONE,8080
29060000,h297c2:1,48.769906,11.414659,NONE,8080
29062000,h297c2:1,48.769906,11.414659,NONE,8080
29064000,h297c2:1,48.769906,11.414659,NONE,8080
